online_dlr,frozen_dlr,delta_track,online_residual,frozen_residual,delta_residual,episodes,panel,key1,key2,seed,dlr_ratio
0.0944877150191844,0.2212846658746723,0.5730037838559549,0.0543326952341763,0.3264796094682071,0.8335801267262075,1500,horizon,1.0,,2000,0.42699621614404526
0.1121979097469603,0.2509552005251491,0.5529165782889739,0.4060743143552049,0.164342906524702,-1.47089651109565,1500,horizon,1.0,,2001,0.4470834217110259
0.1404007917813581,0.2796490214196981,0.4979392702016857,0.2383130881683164,0.4628927872679689,0.485165691228719,1500,horizon,1.0,,2002,0.5020607297983144
0.0797183038801396,0.2338378701410889,0.6590872820042338,0.1573881939454816,0.1721090444623203,0.0855321146127303,1500,horizon,1.0,,2003,0.34091271799576606
0.6813869407611757,0.9816147032374264,0.3058509224506121,0.7393671482893833,0.5528147937146147,-0.3374590490265976,300,horizon,5.0,,2000,0.6941490775493879
0.4821079773456737,1.100647545484172,0.5619778744578986,0.4520671379882158,0.8986965919817167,0.4969746830892481,300,horizon,5.0,,2001,0.43802212554210135
0.4593595650144231,1.546914789467532,0.7030479195479535,0.0267665007423179,1.5175551369254907,0.9823620901204644,300,horizon,5.0,,2002,0.2969520804520465
0.5776783766480754,1.4399046293005104,0.5988078898470484,0.4729188637775174,1.4722327558975492,0.678774390881419,300,horizon,5.0,,2003,0.40119211015295164
1.675005734871457,5.033468742340431,0.6672263560948184,1.8573944898552217,5.586761173053026,0.667536443330689,150,horizon,10.0,,2000,0.33277364390518166
1.4956788388131683,4.537637334222207,0.6703837859555293,1.416868225913385,5.284304237355716,0.7318723218286178,150,horizon,10.0,,2001,0.32961621404447067
1.9443843749425227,4.251534837709185,0.5426629560466691,2.167138796779487,4.971272066262833,0.5640675529535766,150,horizon,10.0,,2002,0.4573370439533308
1.1564183794393836,4.047130365713059,0.7142621376280682,0.9828422780402798,1.6353411517176597,0.3989986266731171,150,horizon,10.0,,2003,0.2857378623719317
2.856869266166155,4.93858312959087,0.4215204662551001,2.1149198367781787,3.6286435032578694,0.4171596534960348,100,horizon,15.0,,2000,0.5784795337448999
2.405270994468454,6.143593284847748,0.6084911739843368,3.7309897527268694,6.430282844577281,0.4197782830232345,100,horizon,15.0,,2001,0.3915088260156632
1.9254012476297997,5.564960002488245,0.654013461593812,1.682774834655198,6.154611912269975,0.7265831122023503,100,horizon,15.0,,2002,0.34598653840618804
2.255006847285084,5.0563069273411205,0.5540209722848275,2.0214660044033104,8.033727071350038,0.7483775604460994,100,horizon,15.0,,2003,0.44597902771517245
3.3845264014895515,14.11564095436573,0.7602286419418471,0.7971954916237766,16.196212990355924,0.950778895529562,75,horizon,20.0,,2000,0.2397713580581528
4.6409977603144,15.155776983687264,0.6937802815843963,3.5648306435360118,16.00410434902469,0.7772552236730913,75,horizon,20.0,,2001,0.30621971841560364
4.948623944675786,12.341722117288509,0.5990329471327455,6.039829990592944,10.495028214622018,0.4245055975954352,75,horizon,20.0,,2002,0.40096705286725454
3.0883350904238704,10.50110439027615,0.7059037815790482,6.3662410253879465,6.364946928149453,-0.000203316265336,75,horizon,20.0,,2003,0.2940962184209518
2.542167026084232,4.925835214257174,0.4839114758191122,2.605699251147985,8.859379340138853,0.7058824155612748,60,horizon,25.0,,2000,0.5160885241808878
2.3929802051354514,5.4269513312590965,0.5590562621499942,2.529346607729165,8.2728604140242,0.694259726243972,60,horizon,25.0,,2001,0.44094373785000585
2.506207857198623,6.8788830197821325,0.6356664519528348,2.6325536286164457,7.289751464914556,0.6388692205369579,60,horizon,25.0,,2002,0.3643335480471653
3.8942570209148273,6.505879399462179,0.4014249601311771,4.861170193967097,5.813370627042863,0.1637948952792176,60,horizon,25.0,,2003,0.5985750398688229
3.0591056264437864,3.432772648207434,0.1088528312408844,3.9435550120086065,3.0869129179234363,-0.27750769680326215,50,horizon,30.0,,2000,0.8911471687591156
1.3632048763406515,4.804262994857817,0.7162509883826633,-0.9710730144465557,2.5253154561757323,1.384535330852139,50,horizon,30.0,,2001,0.2837490116173367
3.0973820736907425,3.4292291601383535,0.09677016931531712,3.8993585529647308,3.479361687711227,-0.12071089554641379,50,horizon,30.0,,2002,0.9032298306846829
2.7448359957707473,4.225039209932635,0.35034070469265255,5.308515714933935,5.739489983274506,0.07508929706236556,50,horizon,30.0,,2003,0.6496592953073475
2.3731586508964906,2.84373938423195,0.1654795569329417,3.1009064043273566,3.166424435954137,0.02069148749701266,43,horizon,35.0,,2000,0.8345204430670583
1.4937197330349032,3.0991221808457095,0.5180184433298829,0.47022958928119735,1.5818409279861367,0.7027326952022583,43,horizon,35.0,,2001,0.4819815566701171
0.5633910147558989,4.152612510654758,0.8643285369606838,0.9226950375091779,5.068490762652306,0.8179546770987232,43,horizon,35.0,,2002,0.13567146303931618
2.5962779128315567,4.9799551934114294,0.4786543629415624,2.9835510867078336,5.819567967045864,0.4873242990540503,43,horizon,35.0,,2003,0.5213456370584376
1.4121942587309855,3.3887920829898706,0.5832750360166589,1.4906418804764359,2.3613345354515065,0.3687290563463457,38,horizon,40.0,,2000,0.41672496398334113
1.1819842497123993,2.2922987033263444,0.48436726505266203,-0.21582724276032617,1.8873148413093066,1.114356777171634,38,horizon,40.0,,2001,0.515632734947338
0.9587905412768768,3.3744076558234006,0.7158640451688641,2.372076240992098,2.309338934624059,-0.027166781552683705,38,horizon,40.0,,2002,0.28413595483113585
1.4394233955364424,2.247094302208725,0.35942902168298085,1.0174484610498382,2.3642089241622157,0.5696452836077579,38,horizon,40.0,,2003,0.6405709783170191
2.28895839563438,4.490177753131775,0.4902298925609583,4.26686028803257,4.696118425202128,0.09140700857668049,33,horizon,45.0,,2000,0.5097701074390417
2.857271799973858,2.691835714103248,-0.06145846308667591,3.9524748513420778,4.310341852241819,0.08302520151936754,33,horizon,45.0,,2001,1.061458463086676
1.1606563253055195,3.525721571332592,0.6708031811863027,1.3389464927651278,3.1557403133821023,0.5757108127410717,33,horizon,45.0,,2002,0.32919681881369733
2.012563378449319,2.3804578243117795,0.15454776896491473,1.4267278996615231,1.6724086151892057,0.14690232596050568,33,horizon,45.0,,2003,0.8454522310350853
2.3083534402714707,3.3687503114436,0.3147745523228524,0.7178022082395914,4.163321890624002,0.8275890677931688,30,horizon,50.0,,2000,0.6852254476771474
1.3150466673461207,3.614069524627009,0.6361313310701071,5.078563547534531,5.312030237881863,0.0439505574878701,30,horizon,50.0,,2001,0.36386866892989295
2.401873244870232,4.190862119516416,0.4268784855304702,1.5997848536772818,3.18668887476854,0.4979789629467734,30,horizon,50.0,,2002,0.5731215144695297
1.7123567122060932,0.8990340001773951,-0.9046629069292322,2.3525390805996587,1.4702753682170702,-0.6000669884393601,30,horizon,50.0,,2003,1.9046629069292322
14.511374804050162,18.68389181357607,0.2233216211674957,15.278994365619695,12.057951408496294,-0.2671301988208201,300,optimizer,0.01,0.005,2000,0.7766783788325042
15.61586031691286,22.57313455392085,0.3082103737249706,17.93058222638263,21.551695218234457,0.1680198682834043,300,optimizer,0.01,0.005,2001,0.6917896262750296
15.626923612660226,18.16633208081996,0.1397865269038454,20.6219100198832,16.8767750009557,-0.2219105853289755,300,optimizer,0.01,0.005,2002,0.8602134730961544
11.009561842147054,20.05365829731859,0.4509948419925376,10.56836891679977,28.04961331958892,0.6232258606781159,300,optimizer,0.01,0.005,2003,0.5490051580074624
13.720843007913176,14.478912501714229,0.0523567977713312,12.547496134920417,15.438906530847843,0.1872807760154657,300,optimizer,0.01,0.01,2000,0.9476432022286687
12.483083019886614,13.720811439702992,0.0902081065143746,9.804844308751685,2.6007501605406667,-2.7700062303229345,300,optimizer,0.01,0.01,2001,0.9097918934856254
12.085220903967722,20.0933900206757,0.3985474381608942,12.506717158927977,14.111824282294958,0.1137420004145594,300,optimizer,0.01,0.01,2002,0.6014525618391058
14.91179256495691,22.73407819647621,0.3440775369872599,7.706632372407866,31.52610531600292,0.7555475915860779,300,optimizer,0.01,0.01,2003,0.6559224630127402
15.628120937388315,17.948009135745544,0.129256018358989,21.29864615831012,19.22166203260543,-0.1080543462985421,300,optimizer,0.01,0.015,2000,0.870743981641011
14.61511099714116,23.660151534310284,0.3822900510190159,14.716391951290143,18.997415131228667,0.2253476670571469,300,optimizer,0.01,0.015,2001,0.6177099489809842
15.73508757679828,21.400406443244403,0.2647294985481236,10.8091889616263,29.648395551263903,0.6354207787420894,300,optimizer,0.01,0.015,2002,0.7352705014518764
19.68736162760249,18.867073986027197,-0.0434772049011307,17.031313712430787,22.232926265069857,0.2339598706271661,300,optimizer,0.01,0.015,2003,1.0434772049011303
13.559049781371884,21.317680455979325,0.363952855500808,11.513004932047751,17.673353714354686,0.3485670508197526,300,optimizer,0.01,0.02,2000,0.6360471444991921
16.941471805766646,16.023741951224114,-0.0572731299178481,19.393370054418607,13.859849894461814,-0.3992482026928665,300,optimizer,0.01,0.02,2001,1.0572731299178482
13.208546846544628,20.591245661359885,0.3585358038182762,8.468228211736026,23.932493106747746,0.6461618865211992,300,optimizer,0.01,0.02,2002,0.6414641961817239
13.51452890754728,22.053491431670203,0.3871932274569657,15.521551837859832,19.49915207474229,0.2039883694242652,300,optimizer,0.01,0.02,2003,0.6128067725430344
3.732174142825891,2.7653573248914123,-0.349617320420768,1.841189340753912,1.6381838894537075,-0.1239210400047954,300,optimizer,0.01,0.03,2000,1.349617320420768
3.425839290799973,3.5216945411839182,0.0272185021338394,3.496551983199915,3.92708517260594,0.10963174224213,300,optimizer,0.01,0.03,2001,0.9727814978661605
2.944211823175415,2.2048175557444685,-0.3353539459555357,2.647567747230463,1.3265743562523264,-0.9957929495260583,300,optimizer,0.01,0.03,2002,1.3353539459555357
3.307573734503616,4.246613372118621,0.2211267085862639,3.7120434058550775,3.2973502495166893,-0.1257655768898593,300,optimizer,0.01,0.03,2003,0.7788732914137362
4.532098502793826,8.082440174460997,0.4392660626039136,4.805309299328846,10.146231487766958,0.52639467125085,300,optimizer,0.01,0.04,2000,0.5607339373960863
4.638177737021716,7.425058569559397,0.3753345251663185,5.139248875579367,9.543497445578902,0.4614920887352296,300,optimizer,0.01,0.04,2001,0.6246654748336815
4.211366878215088,7.578401762830891,0.4442935318010979,4.052226548585241,8.73370584309221,0.5360243839915575,300,optimizer,0.01,0.04,2002,0.5557064681989021
6.523949021439615,7.501921864152981,0.1303629737049768,5.824124447792931,9.194381417117173,0.3665561408024509,300,optimizer,0.01,0.04,2003,0.8696370262950233
1.087704559466839,1.1003336323013084,0.0114774941560734,1.1644228556823328,1.203429946672311,0.0324132626895644,300,optimizer,0.01,0.05,2000,0.9885225058439265
1.0170452540474249,0.9288522420879304,-0.0949483760315297,1.1349989243835734,0.7010261128357159,-0.6190537037092627,300,optimizer,0.01,0.05,2001,1.09494837603153
0.7328222552515151,0.7034335666943976,-0.0417789112555746,0.5110110511537064,0.5280449644611499,0.032258452317268,300,optimizer,0.01,0.05,2002,1.0417789112555746
0.9003000669719108,1.3251592060417208,0.3206098838032249,0.4713756738436008,1.5313873589994382,0.6921904369436722,300,optimizer,0.01,0.05,2003,0.679390116196775
2.133605249342992,3.253574567195312,0.3442273397218527,1.7002520476352094,4.1454226357589015,0.5898483225887184,300,optimizer,0.01,0.06,2000,0.6557726602781474
2.7722686570178667,3.0956849787247416,0.104473266475617,1.8272089484765115,3.139867045367416,0.4180616815694825,300,optimizer,0.01,0.06,2001,0.895526733524383
2.489756633388,3.2569967961426025,0.2355667539075499,3.240192294016039,3.2786850589591348,0.0117403057173524,300,optimizer,0.01,0.06,2002,0.7644332460924502
2.5114388082245047,3.768789032107483,0.3336218114548789,2.4773048023948823,3.979064859279816,0.3774153249557089,300,optimizer,0.01,0.06,2003,0.6663781885451211
13.154456483175366,16.655498614370686,0.210203381613238,17.226078835337375,11.121276948806225,-0.5489299398471013,300,optimizer,0.02,0.01,2000,0.789796618386762
9.47769464469156,20.060418090463905,0.527542516713699,4.661807078623407,18.596039390503726,0.7493118302919917,300,optimizer,0.02,0.01,2001,0.472457483286301
10.271185324758774,16.334098384426674,0.3711813726705864,10.735204775192935,14.863055005299392,0.2777255570025597,300,optimizer,0.02,0.01,2002,0.6288186273294136
13.821652638435069,18.16977379380192,0.2393051891955905,19.44195244338325,24.87458763316644,0.218401015120331,300,optimizer,0.02,0.01,2003,0.7606948108044095
16.241518508052806,25.833825486275902,0.3713080350147508,12.322800965075777,22.761224167856103,0.4586055269172076,300,optimizer,0.02,0.015,2000,0.6286919649852492
13.380626355453982,25.506994235640157,0.4754134402571967,10.217429691368904,30.323533856426568,0.6630528044737276,300,optimizer,0.02,0.015,2001,0.5245865597428032
13.938375208565724,24.252700246127866,0.4252856355328476,9.33231625416941,13.627110394004932,0.315165432410745,300,optimizer,0.02,0.015,2002,0.5747143644671523
14.408657167267988,18.37495591484998,0.2158535109396683,10.17300215730082,15.8007021129189,0.3561677142825689,300,optimizer,0.02,0.015,2003,0.7841464890603317
10.703650054098809,22.489975318580303,0.5240701733782747,12.11916552857997,21.77552014950268,0.4434500096725932,300,optimizer,0.02,0.02,2000,0.47592982662172545
13.162688697373016,17.905873055651703,0.2648954532145292,19.125420167765128,18.625044514203577,-0.0268657426928542,300,optimizer,0.02,0.02,2001,0.7351045467854707
10.268019023970274,20.897049792674476,0.5086378639165725,10.658808277218377,22.26512661551317,0.5212778951909541,300,optimizer,0.02,0.02,2002,0.4913621360834274
13.960821248466754,18.65771181347697,0.2517399031545509,13.699351718067152,16.846405773477098,0.1868086343001812,300,optimizer,0.02,0.02,2003,0.748260096845449
2.227465456314885,4.010170039597687,0.4445458835111262,2.420288341598196,4.205766909343459,0.4245310323257988,300,optimizer,0.02,0.03,2000,0.5554541164888737
2.485897730977963,3.6474094962140606,0.3184484128918685,3.686701788118644,2.9039215746407123,-0.2695596948325924,300,optimizer,0.02,0.03,2001,0.6815515871081315
2.7252373241723737,3.71391340312194,0.2662087053829738,3.383584128414578,4.719075632184493,0.2829985378199389,300,optimizer,0.02,0.03,2002,0.7337912946170262
3.1486964147594643,4.443915487202407,0.291458979400692,2.866533389549424,5.295078773771759,0.4586419745541289,300,optimizer,0.02,0.03,2003,0.708541020599308
4.703264426049265,7.108993103102758,0.3384063878193242,4.242517670824801,6.127001958095131,0.3075703745745515,300,optimizer,0.02,0.04,2000,0.6615936121806758
5.319834670470572,5.683569739452313,0.0639976433220984,5.953849812521839,5.311945852779691,-0.1208415856509994,300,optimizer,0.02,0.04,2001,0.9360023566779015
4.164998576643979,7.500933046199985,0.4447359347176161,2.3298811824911443,8.609637781770338,0.729386852089837,300,optimizer,0.02,0.04,2002,0.5552640652823839
4.185618025321608,7.560453358398957,0.4463800215536312,4.537286683922462,6.370189165403268,0.2877312484588946,300,optimizer,0.02,0.04,2003,0.5536199784463689
1.0039538072794123,0.7302628958230204,-0.3747840853230495,1.2143745170716835,0.2045676737386625,-4.936297240311098,300,optimizer,0.02,0.05,2000,1.3747840853230493
0.8725350196349888,1.219316849324754,0.2844066576147206,1.216651378931342,1.4955280369043862,0.1864737076747118,300,optimizer,0.02,0.05,2001,0.7155933423852794
0.8115576099330879,0.8722092760596306,0.0695379741895753,0.299413705352526,0.9609644661472704,0.688423749368231,300,optimizer,0.02,0.05,2002,0.9304620258104247
0.8082164543801881,1.4161899769693886,0.4293022352059352,1.4214501954332968,1.289379358804135,-0.1024297742377806,300,optimizer,0.02,0.05,2003,0.5706977647940648
2.269499108787187,3.427794848195353,0.3379127954574,1.8342075457615612,3.3789023188127376,0.4571587537321717,300,optimizer,0.02,0.06,2000,0.6620872045426
2.7236753904444835,2.7308158150202897,0.0026147587605622,2.4504404326679,2.537604454221777,0.0343489393742447,300,optimizer,0.02,0.06,2001,0.9973852412394377
1.9965447390259083,2.482190260270915,0.1956520130701027,2.5020752997429274,1.830211033000549,-0.3670966105153934,300,optimizer,0.02,0.06,2002,0.8043479869298973
2.731080737606057,3.3225685002507643,0.1780212394718321,2.1201323254719155,3.4156033494023847,0.379280288549059,300,optimizer,0.02,0.06,2003,0.8219787605281679
12.477220185738734,23.83605827701482,0.4765401208231415,9.87595271112183,28.496396323278518,0.6534315216884379,300,optimizer,0.03,0.01,2000,0.5234598791768584
5.615911125162151,29.572997160603524,0.8101000350196652,-8.470173893273373,31.699939751433455,1.2671984224478017,300,optimizer,0.03,0.01,2001,0.18989996498033485
7.78622413011058,28.58040119504853,0.7275677105799508,-1.0229008198021807,29.056683852294192,1.0352036324930252,300,optimizer,0.03,0.01,2002,0.27243228942004916
7.271209923322641,26.860281026144573,0.7292950912819871,7.292487551844303,23.38349320937104,0.6881352376845985,300,optimizer,0.03,0.01,2003,0.27070490871801295
10.78080702045756,25.688724981109875,0.5803292289366174,8.165606810531512,34.17105042606223,0.76103729008273,300,optimizer,0.03,0.015,2000,0.41967077106338263
12.842062087310776,25.39177987919834,0.4942433280216266,26.47914730801829,25.967885686516905,-0.0196882267456546,300,optimizer,0.03,0.015,2001,0.5057566719783734
16.491609486809512,27.810360114183545,0.4069976289735768,14.655441981158909,31.104382743279498,0.5288303226552404,300,optimizer,0.03,0.015,2002,0.5930023710264232
11.000668442441263,30.215790906928508,0.6359298197314835,9.685071463230992,34.914095479450665,0.7226028247264398,300,optimizer,0.03,0.015,2003,0.3640701802685165
7.904811273808261,25.001257318771607,0.6838234504361059,13.913872110979309,21.286607067570685,0.3463555715191198,300,optimizer,0.03,0.02,2000,0.31617654956389407
12.595752717336897,20.974845653318937,0.3994829365839067,20.182257261956263,19.97039549147096,-0.0106087919278208,300,optimizer,0.03,0.02,2001,0.6005170634160932
9.410134445853,20.889888842647828,0.5495364041075361,16.460342315061844,20.5379935536822,0.1985418501550404,300,optimizer,0.03,0.02,2002,0.4504635958924638
11.615187475693812,17.511493299355493,0.3367106232955411,16.903417186345926,14.433339556963682,-0.171136944408025,300,optimizer,0.03,0.02,2003,0.6632893767044589
5.442246030346976,14.020705268681429,0.6118422057909223,5.538122414885953,13.4187064799089,0.5872834372539646,300,optimizer,0.03,0.03,2000,0.38815779420907764
6.5264597180002895,11.963552040628784,0.4544714064989957,9.249012337832776,13.22787667843444,0.3007938792692595,300,optimizer,0.03,0.03,2001,0.5455285935010042
5.411987364148741,12.85117122776669,0.57887205234217,5.77053274511765,13.86825534673107,0.583903483109875,300,optimizer,0.03,0.03,2002,0.42112794765782996
7.673167942792125,12.018095128934393,0.3615321013462071,7.11415922363357,10.73022397506112,0.3369980682446055,300,optimizer,0.03,0.03,2003,0.6384678986537928
4.607189756398748,4.458355627005648,-0.0333831891945912,4.907438969760584,7.227252194788262,0.3209813581295183,300,optimizer,0.03,0.04,2000,1.0333831891945913
3.650156307641271,9.269599722539825,0.6062228772656058,4.212946724378175,8.847733116060313,0.5238388557707648,300,optimizer,0.03,0.04,2001,0.3937771227343942
4.7653623526718105,5.865371149981964,0.1875429140257452,5.250376766322354,7.357954643260358,0.2864352906644342,300,optimizer,0.03,0.04,2002,0.8124570859742548
4.233749399734131,7.366322997409657,0.4252560739974456,5.587727081142185,8.421268920918566,0.3364744513428158,300,optimizer,0.03,0.04,2003,0.5747439260025544
2.770489602558613,3.984354518242464,0.3046578586634649,4.072339419295331,2.766886439475064,-0.4718129957180097,300,optimizer,0.03,0.05,2000,0.695342141336535
2.937167490008221,5.697950660913546,0.4845221264977909,4.070998479097698,4.942139343736003,0.1762679690006003,300,optimizer,0.03,0.05,2001,0.5154778735022091
2.9786309596527683,4.842351249713784,0.3848792030877921,1.054500074860087,3.7487302061573176,0.7187047301702153,300,optimizer,0.03,0.05,2002,0.6151207969122079
2.0775836709252804,4.049208467057754,0.4869161003125879,2.939833555653417,5.731308488541746,0.4870571769900632,300,optimizer,0.03,0.05,2003,0.5130838996874121
2.10380580649445,3.166035866708133,0.3355079048166725,1.908807470702256,2.75897218602526,0.3081454462024867,300,optimizer,0.03,0.06,2000,0.6644920951833275
2.3643709646535958,2.528056771559865,0.0647476784333732,2.6461554722319645,2.362950825486745,-0.1198521118977928,300,optimizer,0.03,0.06,2001,0.935252321566627
1.852080028871192,3.3372200409553274,0.4450231012213964,1.021900281858973,3.827756021831028,0.7330288879357202,300,optimizer,0.03,0.06,2002,0.5549768987786036
1.860274677920719,3.36949618677376,0.447907172228646,2.0165718595211044,2.839134104742181,0.2897229277923709,300,optimizer,0.03,0.06,2003,0.5520928277713539
11.3886696597527,34.34131864727156,0.6683683065077194,1.7212412716243124,30.481118977036104,0.9435309027558646,300,optimizer,0.04,0.015,2000,0.3316316934922806
7.763103165758239,25.194811248232803,0.6918769071428248,12.360502157711029,27.0392646162994,0.5428684051466379,300,optimizer,0.04,0.015,2001,0.30812309285717526
9.834200155801376,28.32947322612196,0.6528632891509791,10.126216410444794,31.961600400765796,0.6831755518036521,300,optimizer,0.04,0.015,2002,0.34713671084902087
14.035818570646732,25.291181965355445,0.4450311341765923,15.95014093493457,32.141149103971415,0.5037470227545865,300,optimizer,0.04,0.015,2003,0.5549688658234077
8.289024401556292,22.04920579799167,0.624066985564111,6.653026388301373,28.725504307172017,0.7683930517926439,300,optimizer,0.04,0.02,2000,0.37593301443588906
9.72138290151814,21.60958697274242,0.5501356451754329,19.99739850415764,21.32137055472737,0.0620960105341904,300,optimizer,0.04,0.02,2001,0.44986435482456716
11.95484461224354,23.714176168841227,0.4958777177361375,10.964823259546272,26.94139767838247,0.5930120853253154,300,optimizer,0.04,0.02,2002,0.5041222822638626
8.662313485838068,26.789301719415867,0.6766502697022538,7.301697670607443,31.49820677054148,0.7681868773102247,300,optimizer,0.04,0.02,2003,0.32334973029774616
6.549053273580694,14.244209811713375,0.5402304964508988,4.312484595781317,13.125895677996931,0.6714521658883532,300,optimizer,0.04,0.03,2000,0.4597695035491011
6.588070376752817,13.876572493370226,0.525237923132648,5.428750750579794,15.492865506750544,0.649596729009596,300,optimizer,0.04,0.03,2001,0.47476207686735195
5.425894936838356,11.369332533829605,0.522760468066746,3.0630360705153468,6.006785911252235,0.4900707107310912,300,optimizer,0.04,0.03,2002,0.47723953193325386
5.737523872904349,10.136069251411229,0.433949815200254,3.621297449745063,9.355484185180616,0.6129224978562506,300,optimizer,0.04,0.03,2003,0.566050184799746
3.089727115245239,8.402771979870748,0.632296684636114,3.0826096143384216,8.03863127421822,0.6165255614814582,300,optimizer,0.04,0.04,2000,0.36770331536388606
3.716498025593448,7.248921072637758,0.4873032843988356,5.3194424442835615,8.178276739920452,0.34956438704038,300,optimizer,0.04,0.04,2001,0.5126967156011644
3.1433808109545995,7.591046284009645,0.5859094130968409,3.5055116246778586,8.245788952435145,0.5748725022070069,300,optimizer,0.04,0.04,2002,0.4140905869031592
4.38201004453326,7.224926769105334,0.3934872719719087,4.056113985259023,6.509920685531695,0.3769334249687956,300,optimizer,0.04,0.04,2003,0.6065127280280913
2.174677987332768,3.8657841605586256,0.4374548870264614,3.478875353688164,3.878112196223333,0.1029461816303206,300,optimizer,0.04,0.05,2000,0.5625451129735386
3.1860108205654583,5.009880607130823,0.364054541333651,3.176593594431869,5.571133167576294,0.4298119433009644,300,optimizer,0.04,0.05,2001,0.635945458666349
2.433191677476697,6.101600100661575,0.6012207228702395,1.1662862533383456,5.754786084615974,0.797336297789395,300,optimizer,0.04,0.05,2002,0.39877927712976047
2.98259725115788,4.97445833910164,0.4004176841299024,3.419619877423696,4.034360602819624,0.1523762464283149,300,optimizer,0.04,0.05,2003,0.5995823158700975
1.7096053962849649,2.325851566587811,0.264955072436941,2.661014421048655,2.3534663977923738,-0.1306787398982074,300,optimizer,0.04,0.06,2000,0.7350449275630591
1.9262698106685103,3.5098823169856077,0.4511867815776659,2.2952562391824705,3.339701410972275,0.3127360932203035,300,optimizer,0.04,0.06,2001,0.5488132184223341
1.647915745874252,3.187092305361485,0.4829406907662993,0.9895063346563712,4.622979720607183,0.7859591876975811,300,optimizer,0.04,0.06,2002,0.5170593092337007
2.1657913980506964,2.785916463036485,0.2225928426834051,1.8519081331749596,2.853460252602566,0.3509956441531355,300,optimizer,0.04,0.06,2003,0.7774071573165949
7.855079436343601,24.646572210163544,0.6812912006845159,7.372291746238785,30.94308081651443,0.7617466796549823,300,optimizer,0.05,0.02,2000,0.3187087993154841
6.718135878911616,25.621697227859105,0.7377950485026097,7.637947225474607,28.906320067852445,0.7357689526876516,300,optimizer,0.05,0.02,2001,0.26220495149739026
10.732161106218646,24.92782578396692,0.5694706309636776,12.308495654257236,26.116800913346925,0.5287135015082567,300,optimizer,0.05,0.02,2002,0.4305293690363224
10.99488282927129,20.438310388766823,0.4620454127502522,13.265022934706709,11.205031897351684,-0.1838451738671003,300,optimizer,0.05,0.02,2003,0.5379545872497479
1.9840285689690471,3.3555826474158645,0.4087379816149221,2.68486788699742,4.176093337031073,0.3570862357913237,300,optimizer,0.05,0.03,2000,0.5912620183850779
2.023791023149916,3.4407187884841366,0.4118115581187821,2.060001762028741,1.452945411486594,-0.4178108452959923,300,optimizer,0.05,0.03,2001,0.5881884418812179
2.058426928544095,4.583849897537183,0.5509392814869333,2.557868903645974,6.28278940334106,0.5928768673535754,300,optimizer,0.05,0.03,2002,0.4490607185130667
1.479871596377624,3.398923691423825,0.5646058191563287,1.5891463197189497,2.970309880510284,0.4649897203836717,300,optimizer,0.05,0.03,2003,0.4353941808436714
3.619918194529176,6.566733255438287,0.4487490120706038,2.19642603323103,7.5082050631934525,0.7074632332568673,300,optimizer,0.05,0.04,2000,0.5512509879293963
3.439769076323758,9.737239662392131,0.6467408428274513,3.3454238666072444,8.109476346693208,0.5874673377681896,300,optimizer,0.05,0.04,2001,0.3532591571725488
1.96090865971156,9.10723607998874,0.7846867433226805,2.596468461360834,8.193215329911808,0.6830952981448393,300,optimizer,0.05,0.04,2002,0.21531325667731943
2.384131199001294,9.81459065588416,0.7570829714052383,2.3338628443792087,8.31354286439953,0.7192697647144712,300,optimizer,0.05,0.04,2003,0.24291702859476175
0.8644294440518535,0.9571474669030012,0.0968691095752999,0.8201065936681531,1.1378368837493185,0.2792406316045963,300,optimizer,0.05,0.05,2000,0.9031308904247
0.787374064968148,1.0701498031127807,0.264239396505156,0.7056904313423331,0.2596807118640488,-1.7175311800276667,300,optimizer,0.05,0.05,2001,0.735760603494844
0.6939538105027387,1.353518769780343,0.4872965000586156,0.7506919636010874,0.838329166207229,0.1045379382452241,300,optimizer,0.05,0.05,2002,0.5127034999413844
0.9177366755569304,1.5616775842923365,0.4123392147087797,0.375404356125337,2.2776462404717948,0.8351788133491813,300,optimizer,0.05,0.05,2003,0.5876607852912203
1.7870471925370344,3.3282219173473,0.4630624889456384,2.24923410149603,2.3584695640312154,0.0463162485541999,300,optimizer,0.05,0.06,2000,0.5369375110543616
1.5434915977288983,3.388841406259348,0.5445370813523474,2.2482728653763133,2.9927936123944385,0.24877116281415,300,optimizer,0.05,0.06,2001,0.45546291864765265
2.093905030636756,3.100535307105864,0.3246633812432627,2.439590987739924,3.9161221243441497,0.3770390937058704,300,optimizer,0.05,0.06,2002,0.6753366187567372
2.1391647114265195,3.2605295036916573,0.3439210689538307,2.516737187672159,4.061708291109502,0.3803747075630871,300,optimizer,0.05,0.06,2003,0.6560789310461693
5.898601046039368,28.20127650918013,0.7908392180715917,5.790667293681164,31.770842088223997,0.8177364239323232,300,optimizer,0.06,0.02,2000,0.20916078192840828
8.99841501748315,27.23047315689629,0.6695461380477612,13.540436387726256,29.496047040292915,0.540940643021439,300,optimizer,0.06,0.02,2001,0.33045386195223875
6.442537161099096,22.946371496521703,0.7192350362637648,5.16559339473632,22.30000695997257,0.7683591128913856,300,optimizer,0.06,0.02,2002,0.28076496373623516
5.078764411428573,25.1960061489737,0.7984297836172959,5.562372996951207,23.76536500361844,0.7659462416796755,300,optimizer,0.06,0.02,2003,0.20157021638270411
4.269783087933648,13.624111037506465,0.6866009770340862,3.863898980131002,17.181396315842385,0.7751114688758892,300,optimizer,0.06,0.03,2000,0.3133990229659138
5.242130288486535,12.98251102512743,0.5962159956313167,10.84037536361032,12.73029318976726,0.1484583110525746,300,optimizer,0.06,0.03,2001,0.4037840043686834
6.060749289569877,14.23118354322844,0.5741219083318101,5.547163800168148,16.848335724492106,0.6707589467068642,300,optimizer,0.06,0.03,2002,0.4258780916681899
4.348288589365728,17.009562834012613,0.7443621196030497,3.5370327280973863,19.29580314264976,0.8166941950045377,300,optimizer,0.06,0.03,2003,0.25563788039695035
2.435880404928417,8.64430073913261,0.7182096645595373,4.163037637125724,7.353302399115928,0.4338546939635942,300,optimizer,0.06,0.04,2000,0.2817903354404626
3.782769416817772,7.789659134089374,0.5143857578743739,5.898877898088382,7.658893244166587,0.2298002191659643,300,optimizer,0.06,0.04,2001,0.4856142421256261
2.7276719598870622,7.272439759195971,0.6249302778427375,4.685841191811627,6.751673340154733,0.3059733556801138,300,optimizer,0.06,0.04,2002,0.37506972215726253
3.50843070728036,6.398539171637037,0.4516825460986051,4.988422462209688,6.108957279010383,0.1834248899809322,300,optimizer,0.06,0.04,2003,0.5483174539013949
2.218713528527274,3.117062960821656,0.2882038135211673,2.723214749758733,3.5502188080050945,0.2329445318642384,300,optimizer,0.06,0.05,2000,0.7117961864788328
2.2370995500264264,5.399208715208898,0.5856615907948148,0.7555076531962472,6.828750619644301,0.889363707173187,300,optimizer,0.06,0.05,2001,0.41433840920518517
2.5074943582852627,5.93373636442177,0.577417295901448,2.248041192550988,5.194304484919918,0.5672103552886645,300,optimizer,0.06,0.05,2002,0.42258270409855203
1.971306167503253,7.256994140049002,0.728357756743353,1.6853018758955003,7.74170928657396,0.7823088140472763,300,optimizer,0.06,0.05,2003,0.27164224325664704
1.369586857870455,3.749650191655552,0.6347427658936492,1.3642226266342012,3.5661846368770305,0.6174559745092518,300,optimizer,0.06,0.06,2000,0.3652572341063508
1.6517769002637477,3.238645601381551,0.4899791136272744,2.364196641903788,3.66065553584,0.3541603085139005,300,optimizer,0.06,0.06,2001,0.5100208863727256
1.3970581382020355,3.378445716655561,0.5864790334458796,1.558005166523469,3.675756946972656,0.5761403191234833,300,optimizer,0.06,0.06,2002,0.4135209665541204
1.947597386152672,3.219931643419499,0.3951432509031886,1.819539267814756,2.9129580925764462,0.3753637333637662,300,optimizer,0.06,0.06,2003,0.6048567490968116
1.0146565305692696,4.396619399878931,0.769218929753799,1.8170738214028137,5.103353618609689,0.643945147211288,300,optimizer,0.08,0.03,2000,0.23078107024620098
1.1943846147001482,3.302198031966939,0.6383061817801646,0.955685979952788,2.473264289199536,0.6135932645264963,300,optimizer,0.08,0.03,2001,0.3616938182198354
1.0571286586826747,3.1124545774481365,0.660355313667131,2.270764589232624,2.8179836910999985,0.1941881720592103,300,optimizer,0.08,0.03,2002,0.33964468633286904
1.9691118029315149,2.8544424753450506,0.3101588769297287,1.829118653120036,3.3751329066383176,0.4580602590426978,300,optimizer,0.08,0.03,2003,0.6898411230702713
2.422228853871476,8.09576868635108,0.7008031049657841,2.237523562384967,10.23502019304922,0.7813855253647171,300,optimizer,0.08,0.04,2000,0.29919689503421587
2.964949937137963,7.631645634802527,0.6114927134959034,6.1925658040572085,7.410472972866724,0.1643494515490244,300,optimizer,0.08,0.04,2001,0.38850728650409655
3.41082380677627,8.40495769567901,0.5941890571882622,3.1152652426240985,10.080836874813745,0.690971565028756,300,optimizer,0.08,0.04,2002,0.40581094281173774
2.4687159081818377,10.333292299360105,0.7610910601711407,2.025181259381011,11.789143476537236,0.828216421030796,300,optimizer,0.08,0.04,2003,0.23890893982885922
0.6813869407611757,0.9816147032374264,0.3058509224506121,0.7393671482893833,0.5528147937146147,-0.3374590490265976,300,optimizer,0.08,0.05,2000,0.6941490775493879
0.4821079773456737,1.100647545484172,0.5619778744578986,0.4520671379882158,0.8986965919817167,0.4969746830892481,300,optimizer,0.08,0.05,2001,0.43802212554210135
0.4593595650144231,1.546914789467532,0.7030479195479535,0.0267665007423179,1.5175551369254907,0.9823620901204644,300,optimizer,0.08,0.05,2002,0.2969520804520465
0.5776783766480754,1.4399046293005104,0.5988078898470484,0.4729188637775174,1.4722327558975492,0.678774390881419,300,optimizer,0.08,0.05,2003,0.40119211015295164
1.667078417009875,3.7043859348176977,0.5499717236962471,1.0698953412237877,3.3025426105075093,0.6760388986898267,300,optimizer,0.08,0.06,2000,0.4500282763037529
1.6563931719803386,3.565979210497566,0.5355011697476442,1.3541189050463054,3.896618649631701,0.652488727585828,300,optimizer,0.08,0.06,2001,0.4644988302523558
1.357216543502189,2.900513818856947,0.5320772013983889,0.7703137179388234,1.417722515638876,0.4566540987806117,300,optimizer,0.08,0.06,2002,0.4679227986016111
1.4708605005164546,2.6279796161449758,0.440307492691255,0.933017772446044,2.3328538117877606,0.6000530475885093,300,optimizer,0.08,0.06,2003,0.559692507308745
2.1339137452346604,9.43013994351026,0.7737134593953506,1.9875227747897504,11.877419031053993,0.8326637487830233,300,optimizer,0.1,0.04,2000,0.22628654060464937
1.922450577112068,10.204240406552932,0.8116027748741088,2.527302949316126,11.88646207310683,0.7873797153625586,300,optimizer,0.1,0.04,2001,0.18839722512589116
3.01771399232534,9.251235762519435,0.6738042279117626,3.5807902131439606,8.537337716969347,0.5805729687808229,300,optimizer,0.1,0.04,2002,0.3261957720882373
3.625401340327573,8.812018423928654,0.5885844575082875,3.4831396704630486,5.631312374602568,0.3814692848203306,300,optimizer,0.1,0.04,2003,0.4114155424917125
1.5502264664777503,5.180515394597189,0.7007582550387753,1.432015079926385,6.566317274444831,0.7819150339415393,300,optimizer,0.1,0.05,2000,0.2992417449612247
1.897567959768349,4.86590049966746,0.6100273813864401,3.963242114596596,4.673205518647892,0.1519221444933821,300,optimizer,0.1,0.05,2001,0.3899726186135599
2.182927236336881,5.4363783197284725,0.598459285216576,1.993769755279455,6.501743926197442,0.6933484649793774,300,optimizer,0.1,0.05,2002,0.4015407147834241
1.579978181236385,6.658848109647802,0.7627250005977456,1.2961160060038412,7.632420440188453,0.8301828343759534,300,optimizer,0.1,0.05,2003,0.23727499940225438
1.3669487549674888,2.848795436467119,0.5201660542314386,0.672912070931769,4.09448991102385,0.8356542364117089,300,optimizer,0.1,0.06,2000,0.4798339457685614
1.132609456942152,1.9479934026053447,0.4185763383862888,1.3627751526340406,0.8240916703504666,-0.6536693691546289,300,optimizer,0.1,0.06,2001,0.5814236616137113
1.2645990562648612,2.861217862593952,0.5580207041212903,1.5499070026628197,2.100053399910818,0.2619678134238687,300,optimizer,0.1,0.06,2002,0.44197929587870954
1.3167279459672283,4.439555111195723,0.7034099334307873,1.120072966830812,5.382422075760701,0.7919016845826772,300,optimizer,0.1,0.06,2003,0.2965900665692128
1.832749468121276,11.193443821725332,0.8362658090476055,1.4389254998180396,12.261435672979095,0.882646246475929,300,optimizer,0.12,0.04,2000,0.1637341909523945
2.5138364321645086,11.46802912271393,0.7807961241408493,3.571783084924682,12.683913121508706,0.7184005400614231,300,optimizer,0.12,0.04,2001,0.21920387585915066
1.8583941873239127,8.394910947320295,0.7786284811136533,1.4113113950506846,7.918771347328361,0.8217764684509001,300,optimizer,0.12,0.04,2002,0.22137151888634662
1.682687856675266,10.564197202581338,0.8407178676800822,2.014006742780237,10.347664173540824,0.8053660508300906,300,optimizer,0.12,0.04,2003,0.15928213231991778
1.4280669997026911,5.329466673041591,0.7320431691736847,1.6271472966874905,5.197296400319865,0.6869242830585247,300,optimizer,0.12,0.05,2000,0.2679568308263153
1.3737907024969358,4.906587719726808,0.7200109768803997,1.4272656340502836,4.602138679689949,0.689869051458823,300,optimizer,0.12,0.05,2001,0.2799890231196002
1.6923765536395377,6.482074154067555,0.7389143484917466,2.0542472767084714,6.561576328372148,0.6869277786458202,300,optimizer,0.12,0.05,2002,0.2610856515082533
0.8476832904466347,5.730492473250173,0.8520749666100071,0.2846239399351014,6.2412108078149,0.9543960380926868,300,optimizer,0.12,0.05,2003,0.14792503338999288
1.0765461572762107,3.5975801351369623,0.7007582550387788,0.9944549166155454,4.559942551697832,0.7819150339415408,300,optimizer,0.12,0.06,2000,0.29924174496122125
1.3177555276169517,3.379097569213563,0.6100273813864332,2.752251468469783,3.2452816101723703,0.1519221444934636,300,optimizer,0.12,0.06,2001,0.38997261861356686
1.515921691900574,3.778196804028096,0.5987711147591926,1.3845623300551404,4.520472661316613,0.6937129292024345,300,optimizer,0.12,0.06,2002,0.40122888524080735
1.0972070703030372,4.624200076144303,0.7627250005977471,0.9000805597249121,5.300291972353088,0.830182834375949,300,optimizer,0.12,0.06,2003,0.23727499940225286
1.5404615561682078,1.4999361964631617,-0.0270180557017056,1.727894183886231,1.8278080669378776,0.0546632246891394,300,reference,0.0,0.0,2000,1.0270180557017057
1.5462280387314762,2.366260664710429,0.3465521099212052,1.53989720367951,3.006066414057729,0.4877367990014283,300,reference,0.0,0.0,2001,0.6534478900787948
1.2129833158095042,2.2176232646472664,0.4530255273082011,0.7401064716845788,2.8129671022754668,0.7368947290261975,300,reference,0.0,0.0,2002,0.5469744726917989
1.1189644093625102,1.7610260634533388,0.3645952024308816,0.533576337458457,1.943063669293227,0.7253943111125427,300,reference,0.0,0.0,2003,0.6354047975691184
1.366648056923245,1.6768010791401915,0.1849670936375963,1.2959001408052844,1.7407934614335847,0.2555692737160904,300,reference,0.0,0.05,2000,0.8150329063624037
1.8147355451990068,3.007673619361157,0.3966314916894259,1.7383481360105777,2.96221721767422,0.4131598028535399,300,reference,0.0,0.05,2001,0.6033685083105741
2.119645793718736,2.663668614043197,0.204238176421911,1.9682288436363595,2.3044215038957945,0.1458902634310072,300,reference,0.0,0.05,2002,0.7957618235780891
1.1594734451045303,1.955742155650836,0.4071440134608755,0.3614360398285174,1.9300280782311887,0.8127301649622827,300,reference,0.0,0.05,2003,0.5928559865391244
1.2235975615839687,1.592650800682321,0.2317226343277779,0.6672809183978807,1.6355331328090323,0.5920101494661719,300,reference,0.0,0.1,2000,0.768277365672222
1.8940067469855228,2.1352678619458523,0.1129886883327463,3.0430742120245005,2.690534964881259,-0.1310294241646474,300,reference,0.0,0.1,2001,0.8870113116672537
1.4900011584251582,2.44002509979351,0.3893500691647592,3.042882938504541,1.8024690866992816,-0.6881748269407106,300,reference,0.0,0.1,2002,0.6106499308352408
1.5016323990386236,1.9254025187004724,0.2200943000468637,1.1313466058289838,1.8696311451240653,0.3948824564783821,300,reference,0.0,0.1,2003,0.7799056999531363
1.3721417646326195,1.3756339654143896,0.0025386119197181,1.6193022811428637,1.7227328442017162,0.0600386550979008,300,reference,0.0,0.15,2000,0.9974613880802818
1.1902202341923362,2.425670767578374,0.5093232560243236,1.384432448176403,2.447853804269448,0.434430093103709,300,reference,0.0,0.15,2001,0.4906767439756764
1.607120120753442,2.3362458557994112,0.3120928960605812,0.1939600474808043,1.7008957214638574,0.8859659383975199,300,reference,0.0,0.15,2002,0.6879071039394188
1.4513954357844452,1.8532578825078487,0.2168410832169774,1.7614360777312408,1.857575322287777,0.0517552335041423,300,reference,0.0,0.15,2003,0.7831589167830227
1.2828272256978497,1.612200164977183,0.2043002763766589,1.2962996239461433,1.9292113088797749,0.3280675797516142,300,reference,0.0,0.2,2000,0.7956997236233412
1.5955010403521706,1.7624796576321444,0.0947407344855861,1.1336324165707656,2.1577952451513247,0.4746339259398707,300,reference,0.0,0.2,2001,0.9052592655144138
1.9337766766345263,3.0543794128179,0.3668839344191136,2.1864690981024,2.6049695800402755,0.1606546522249236,300,reference,0.0,0.2,2002,0.6331160655808863
1.7162960963018925,1.845653004979916,0.0700873394560049,1.6521164445451115,2.1393305418540955,0.2277413834735092,300,reference,0.0,0.2,2003,0.9299126605439948
1.1692721058868814,1.282831677613009,0.0885225814952048,0.8242588452605458,1.1677464553736232,0.2941457099119841,300,reference,0.0,0.25,2000,0.9114774185047954
1.943276173564519,2.644515164328709,0.2651673169521017,1.881085939377592,1.962601162843382,0.0415342785936662,300,reference,0.0,0.25,2001,0.7348326830478983
2.1945170165137977,2.3247809242558977,0.0560327669514898,1.7607063380519314,2.628418259192053,0.3301270329048951,300,reference,0.0,0.25,2002,0.9439672330485102
1.4896429040049175,1.80197916937914,0.1733295648927149,1.8467818813001613,2.319438260179145,0.203780539018304,300,reference,0.0,0.25,2003,0.8266704351072849
1.1923128342476412,1.5775029722941851,0.244177123474041,0.9495044695332456,0.9919863002039214,0.0428250175047203,300,reference,0.0,0.3,2000,0.755822876525959
2.1132434874796657,2.576799157541435,0.1798959258058959,1.976715375436104,3.821337317836868,0.4827163343551526,300,reference,0.0,0.3,2001,0.820104074194104
2.0969650574286085,2.1682551538208625,0.0328790162295372,1.7318908315912218,2.409470968951797,0.2812153149350233,300,reference,0.0,0.3,2002,0.9671209837704627
0.8702825820742551,1.4442698897202293,0.3974238552859132,0.4334425931055367,1.214405596360664,0.6430825134498068,300,reference,0.0,0.3,2003,0.6025761447140868
1.2631351036615577,1.2043696116324336,-0.0487935692345076,1.541089293521457,1.2238782222916067,-0.2591851586638252,300,reference,0.0,0.35,2000,1.0487935692345076
1.3963590838281577,2.829219482780985,0.506450774736075,1.7756217719976126,2.857127159669901,0.3785289653671698,300,reference,0.0,0.35,2001,0.493549225263925
2.029058643996944,2.236360145782496,0.0926959381638498,1.5838900011018382,2.556867402162448,0.3805349468798119,300,reference,0.0,0.35,2002,0.9073040618361502
1.507157363081571,1.3685253812411626,-0.1013002635834774,1.26113994756221,1.194068299176107,-0.0561706967954696,300,reference,0.0,0.35,2003,1.1013002635834772
1.6128771478326505,1.984718848706366,0.1873523300874987,1.113171347908465,2.346757597872209,0.5256555901138784,300,reference,0.0,0.4,2000,0.8126476699125013
1.080975071202467,3.000804796503965,0.6397716131146425,2.165357045290277,4.023422358873046,0.461812145942145,300,reference,0.0,0.4,2001,0.3602283868853576
1.7520038351197684,2.385093632177035,0.2654360350957807,2.459420460751513,2.4076100144568446,-0.0215194512332004,300,reference,0.0,0.4,2002,0.7345639649042193
1.2238025265290706,1.791547437328062,0.3169019691969383,1.4223059926909758,1.579087772444289,0.0992862983864595,300,reference,0.0,0.4,2003,0.6830980308030616
1.2519778680453468,1.8773874891939475,0.3331276173663643,1.5499433597618475,2.1982488399763285,0.2949190594006918,300,reference,0.05,0.0,2000,0.6668723826336357
1.322177239782894,1.545148535155297,0.144304117241384,1.1869543919858911,1.2211051844227787,0.027967117716424,300,reference,0.05,0.0,2001,0.8556958827586159
1.0340107416030222,1.499421370955604,0.3103934880266302,0.8843641435586501,2.018121254019498,0.5617884000789053,300,reference,0.05,0.0,2002,0.6896065119733698
1.126577852065373,1.324620055663011,0.1495086857178166,1.6657164841212082,1.177745468876652,-0.4143263787802884,300,reference,0.05,0.0,2003,0.8504913142821834
0.8412833426525352,1.1200803362515648,0.2489080332684397,0.5696871015376109,0.9748693301349032,0.4156272190255721,300,reference,0.05,0.05,2000,0.7510919667315603
0.8125904301288945,1.202406311196096,0.3241964695606356,0.7234519296151362,1.1524789287313806,0.3722645060317991,300,reference,0.05,0.05,2001,0.6758035304393641
0.9791157391511204,1.088886107617176,0.1008097795519382,0.7302144280976083,1.576978520113682,0.536953472235647,300,reference,0.05,0.05,2002,0.8991902204480617
0.9085223370750944,1.179918145744432,0.2300124035283047,0.7003518948836743,1.1405309962345682,0.385942252165117,300,reference,0.05,0.05,2003,0.769987596471695
0.89074286650123,0.8327602078584874,-0.0696270764327824,1.0315572007291582,0.5042334607096564,-1.0457928342901883,300,reference,0.05,0.1,2000,1.0696270764327824
0.9241213457887772,1.1016357952408695,0.1611371473394067,1.1421340329372662,1.073618854911435,-0.0638170405748725,300,reference,0.05,0.1,2001,0.8388628526605935
0.7365482548720792,0.9211489881437078,0.2004026879990766,0.6942118671235193,1.0133044546650685,0.3149029751843142,300,reference,0.05,0.1,2002,0.7995973120009233
0.8579280936145115,1.0498335116693798,0.1827960490132499,0.875975987093942,0.968452260504444,0.0954887268912288,300,reference,0.05,0.1,2003,0.81720395098675
0.6596412126289103,0.7807116797771521,0.1550770537758579,0.7005175685749252,1.0070997526576904,0.304420871193453,300,reference,0.05,0.15,2000,0.8449229462241421
0.6382117086151858,0.691102104249371,0.0765305087467953,0.3456461736383158,0.7345226877022735,0.5294275052012856,300,reference,0.05,0.15,2001,0.9234694912532047
0.6432640058968716,1.0702362149517546,0.398951374556252,0.2334763012963832,1.013316862869086,0.7695920103063094,300,reference,0.05,0.15,2002,0.6010486254437479
0.9225307299559464,0.8105251653037193,-0.1381888798113462,0.908211197829478,0.7608931793215028,-0.1936119583031883,300,reference,0.05,0.15,2003,1.1381888798113462
0.7062793233760651,0.736728605381148,0.0413303919281509,0.5708213439805587,0.8646817284006652,0.3398480328289546,300,reference,0.05,0.2,2000,0.9586696080718491
0.7813892120660979,0.8683028737688137,0.1000960198662852,0.4584278312241283,0.6422809622591823,0.2862503200910118,300,reference,0.05,0.2,2001,0.8999039801337148
0.925126866696614,0.8722267904589801,-0.0606494512852524,1.0468024679407686,0.932243277465062,-0.1228855098716439,300,reference,0.05,0.2,2002,1.0606494512852525
0.82151007018316,0.8905649934212537,0.0775405767666744,0.5377221584370133,0.6410862379886783,0.1612327225678027,300,reference,0.05,0.2,2003,0.9224594232333255
0.5203491978019513,0.5309808900623361,0.0200227399127991,0.5937591535123069,0.4399909227439064,-0.3494804615728408,300,reference,0.05,0.25,2000,0.9799772600872009
0.6717995978108712,0.8165804414562465,0.1773013855036508,0.8025847655436831,0.9452979185192558,0.1509716145351542,300,reference,0.05,0.25,2001,0.8226986144963492
1.0035296185025817,0.6259021703716426,-0.6033330223263402,1.3096548328024884,0.7756216024679615,-0.6885228939411678,300,reference,0.05,0.25,2002,1.6033330223263402
0.7220629182259003,0.7581180235018191,0.0475586968759519,0.4099750180817127,0.6607060733403048,0.3794895572716341,300,reference,0.05,0.25,2003,0.9524413031240481
0.6571926669345878,0.552773216306642,-0.1889010674678217,0.5809771953684069,0.5753735572300267,-0.0097391304622291,300,reference,0.05,0.3,2000,1.1889010674678218
0.5625020462876438,0.6247829952848456,0.0996841294773192,0.6310480203316166,0.6671140482775233,0.0540627618906071,300,reference,0.05,0.3,2001,0.9003158705226808
0.91241212894792,0.80341664219335,-0.1356649601594126,1.1071651608163735,0.84390508201323,-0.3119546077090889,300,reference,0.05,0.3,2002,1.1356649601594129
0.5593199573900048,0.5634773980056111,0.0073781852303592,0.9823672107979998,0.4795832641208994,-1.048376756012804,300,reference,0.05,0.3,2003,0.9926218147696407
0.6227930765277897,0.5986795625875521,-0.0402778304908499,0.3884261214889436,0.6483731575766962,0.4009219583662413,300,reference,0.05,0.35,2000,1.04027783049085
0.6180004901133566,0.5987742363158438,-0.0321093537955283,0.514595745922741,0.3839148029713999,-0.3403904771056099,300,reference,0.05,0.35,2001,1.0321093537955284
0.6762914080420231,0.8204482969274502,0.1757050254419315,1.0394197125103368,0.8994410541409051,-0.15562849585861,300,reference,0.05,0.35,2002,0.8242949745580684
0.4927873258429585,0.5813781970573489,0.152380793883902,0.2490540811092108,0.8909623452988513,0.720466210021848,300,reference,0.05,0.35,2003,0.847619206116098
0.813884641278808,0.5825350434360345,-0.3971427993038448,0.8789501248571289,0.4778551522102797,-0.8393651732990997,300,reference,0.05,0.4,2000,1.3971427993038448
0.8822853224881883,0.5501551459860635,-0.6037027535329793,1.1300786128325575,0.5271528151897966,-1.143740069804394,300,reference,0.05,0.4,2001,1.6037027535329793
0.915697827257732,0.6242900077126731,-0.4667827707394258,1.0876226382029706,0.2899869051892907,-2.7505922465465065,300,reference,0.05,0.4,2002,1.4667827707394256
0.5177710767241067,0.4527456214246312,-0.1436247027522059,0.1189279643325516,0.6479533559421025,0.816455979057884,300,reference,0.05,0.4,2003,1.1436247027522062
0.4900331600914568,2.204712179562798,0.777733726590728,0.4580484252765224,2.318099746167114,0.802403487583359,300,reference,0.1,0.0,2000,0.22226627340927196
0.7678361927103935,1.4689227993708929,0.477279409755747,1.1027252840987305,1.9330309753269048,0.4295356369484752,300,reference,0.1,0.0,2001,0.522720590244253
0.8743878857664495,1.4314626731505915,0.3891647318738972,1.246483738525727,0.9557007462905414,-0.3042615519176179,300,reference,0.1,0.0,2002,0.6108352681261029
0.6024038253762781,1.5166662278979262,0.6028105496809277,0.8618757228777679,1.0689984116491316,0.1937539724234368,300,reference,0.1,0.0,2003,0.3971894503190723
0.9339807962825624,0.726243584249275,-0.2860434385083448,0.9405934572405478,0.0857549107763992,-9.968391765844045,300,reference,0.1,0.05,2000,1.2860434385083446
0.8852016700676584,1.1645856780209831,0.2398999173921586,1.404032666040279,1.0768103433612342,-0.3038811102590539,300,reference,0.1,0.05,2001,0.7601000826078415
0.6601411600447396,1.3163924363330195,0.4985225212295752,0.8586909364319067,1.0062440653342437,0.1466375146802223,300,reference,0.1,0.05,2002,0.5014774787704248
0.6160154818525925,1.1964334397420475,0.4851234833544888,0.6024651970082471,0.5864655234996362,-0.0272815244332444,300,reference,0.1,0.05,2003,0.5148765166455112
0.596297480610468,0.7243963395028139,0.1768353205377404,0.7484714230578272,0.8759299910058165,0.1455122775298863,300,reference,0.1,0.1,2000,0.8231646794622596
0.5977397064453449,0.9019922188020176,0.3373116818687928,0.693801369737959,1.094376393360889,0.3660303950752651,300,reference,0.1,0.1,2001,0.6626883181312072
0.7039077147391295,0.9749079827225906,0.2779752271867222,0.5625718098976481,0.8349500777461969,0.3262210222002575,300,reference,0.1,0.1,2002,0.7220247728132778
0.7773244540817623,0.9652276381883248,0.1946724033506184,0.7635081139495755,1.2816539018321114,0.4042790234882066,300,reference,0.1,0.1,2003,0.8053275966493815
0.5174923382073218,0.3855203915825761,-0.3423215723635153,0.4553993200759391,0.2865896879318998,-0.5890289820342465,300,reference,0.1,0.15,2000,1.3423215723635156
0.5182744981690616,0.6681168796138696,0.2242757008794743,0.471222069977267,0.4997898324309974,0.0571595510752503,300,reference,0.1,0.15,2001,0.7757242991205257
0.6367176839745279,0.5902001396798718,-0.0788165592774807,0.4902466750071212,0.8594671766718898,0.4295923238098506,300,reference,0.1,0.15,2002,1.0788165592774808
0.519715431520866,0.7665861787784543,0.3220391315311395,0.7584349667070754,1.058626071363952,0.2835667028964299,300,reference,0.1,0.15,2003,0.6779608684688605
0.5034802005254823,0.6397089723393276,0.212954292817991,0.5258673655999291,0.7950534576764479,0.338576091302361,300,reference,0.1,0.2,2000,0.787045707182009
0.5492491095850099,0.6765594047892246,0.188173121684528,0.7040906076330758,0.7840226811221527,0.1019512259194747,300,reference,0.1,0.2,2001,0.811826878315472
0.4749576114274318,0.6796297157157729,0.3011523768833214,0.5636219397498824,0.353024158167852,-0.5965534559306211,300,reference,0.1,0.2,2002,0.6988476231166785
0.6176444276060369,0.7274444374039737,0.1509393764694653,0.5070496531302647,0.572059418359895,0.1136416308222221,300,reference,0.1,0.2,2003,0.8490606235305347
0.4955509632597477,0.5438819536738058,0.0888630153797025,0.4934876066239027,0.6057426383192603,0.1853180288031711,300,reference,0.1,0.25,2000,0.9111369846202975
0.5200372977387158,0.4965386108020792,-0.0473249943215456,0.3734638141957452,0.6856327053174337,0.4553004672919749,300,reference,0.1,0.25,2001,1.0473249943215457
0.4781186041441368,0.5537509250996985,0.1365818412708649,0.5839931046931197,0.5029314107205238,-0.1611784276040007,300,reference,0.1,0.25,2002,0.863418158729135
0.5274761925891708,0.4974507544089535,-0.0603586142228129,0.3583606331467701,0.6158204739968933,0.418076130498094,300,reference,0.1,0.25,2003,1.060358614222813
0.4705775005236461,0.5055044645387488,0.0690932849563891,0.4265651381844332,0.6145806698067972,0.3059249027169525,300,reference,0.1,0.3,2000,0.9309067150436109
0.3610266554802194,0.4482257296846971,0.194542768140101,0.3359379826617207,0.5072190156848255,0.3376865372285943,300,reference,0.1,0.3,2001,0.8054572318598988
0.5430271250769839,0.4732074999973522,-0.1475454744060955,0.7892187732231587,0.3977322986157545,-0.9842964123605552,300,reference,0.1,0.3,2002,1.1475454744060956
0.3523256173000906,0.4386575883972016,0.1968094782369021,0.3163746625820347,0.2744597314392475,-0.1527179631160762,300,reference,0.1,0.3,2003,0.8031905217630979
0.4901923848174351,0.4426119332118196,-0.1074992516815969,0.5231331217850455,0.4632987840114276,-0.1291484887043044,300,reference,0.1,0.35,2000,1.107499251681597
0.4699290067345408,0.4288283972515814,-0.0958439547063083,0.4949155183217911,0.4155076597983641,-0.1911104564521426,300,reference,0.1,0.35,2001,1.0958439547063084
0.3507965700869752,0.4337586845531475,0.1912632932102299,0.2797709218725437,0.3572869379268663,0.2169573186864992,300,reference,0.1,0.35,2002,0.80873670678977
0.3480337582197758,0.3402526040118048,-0.0228687572592418,0.3685802506200313,0.1561343164563365,-1.3606613778791283,300,reference,0.1,0.35,2003,1.022868757259242
0.250129603855897,0.2683200327781566,0.0677937786974675,0.2115563356676462,0.2863694187510587,0.2612467609484781,300,reference,0.1,0.4,2000,0.9322062213025325
0.3822306743279523,0.5329724001001447,0.282832142422137,0.3959199653993139,0.5972420583934986,0.3370862620353869,300,reference,0.1,0.4,2001,0.7171678575778629
0.3177462901732161,0.2838347481348082,-0.1194763582022788,0.3580876109529255,0.0764045963012711,-3.6867286562309625,300,reference,0.1,0.4,2002,1.1194763582022786
0.418215868065656,0.3971252630241589,-0.0531081928177761,0.2930993429466031,0.3413643265081432,0.1413884809090875,300,reference,0.1,0.4,2003,1.0531081928177761
0.9965334840138385,1.3582707872062385,0.2663219341825351,0.8505217963491971,1.53663941514201,0.446505284214257,300,reference,0.15,0.0,2000,0.7336780658174649
0.5737763286367166,2.721446080583267,0.7891649102547189,0.3635491225502472,2.887925584053441,0.8741140960980109,300,reference,0.15,0.0,2001,0.2108350897452811
0.6796838186327572,2.089561176063087,0.6747241351826129,0.5332217638481683,1.6065428724809383,0.6680936606287207,300,reference,0.15,0.0,2002,0.32527586481738713
0.8198606867507551,2.6262755126650035,0.6878238087371098,0.4896703675232224,1.402825715849744,0.6509399834985127,300,reference,0.15,0.0,2003,0.3121761912628902
0.6151481721893481,0.8698807434524051,0.2928361998819145,0.2531253727014729,0.8024289628777903,0.6845510513557773,300,reference,0.15,0.05,2000,0.7071638001180854
1.6827514803512398,5.491006979457864,0.6935441009915853,1.6814517390753965,4.41001785091802,0.6187199698691983,300,reference,0.15,0.05,2001,0.3064558990084148
0.7956400462894646,1.4046883137368444,0.4335824976198097,0.936244058241672,2.2468622762993244,0.5833104377969687,300,reference,0.15,0.05,2002,0.5664175023801903
0.6962386875954373,1.594738634845941,0.5634151751376506,0.6654911029421701,1.9782195739033208,0.6635908815576739,300,reference,0.15,0.05,2003,0.4365848248623494
1.9225040791990755,4.104057493190289,0.5315601493426894,1.9658037041048029,5.254600969102798,0.6258890607176865,300,reference,0.15,0.1,2000,0.46843985065731064
0.7325620886033815,0.961667015497901,0.2382372725718381,0.8934905371032196,0.963808612006284,0.0729585459468854,300,reference,0.15,0.1,2001,0.7617627274281619
1.256380700438235,3.156795064452856,0.6020075187693585,0.3587348956479332,3.3572432952163327,0.8931459938697064,300,reference,0.15,0.1,2002,0.39799248123064146
1.7945167063441347,4.609755050957282,0.6107132187053024,1.789195725709579,5.265845580704979,0.6602263210555359,300,reference,0.15,0.1,2003,0.38928678129469757
1.3856507500336357,2.5159231791744525,0.4492475916978086,2.070923291415519,2.5412684957482115,0.1850828454843026,300,reference,0.15,0.15,2000,0.5507524083021915
1.4852182150460564,3.235028481208107,0.5408948565140891,1.5707734313111623,1.6070619201393523,0.0225806413389743,300,reference,0.15,0.15,2001,0.4591051434859109
1.578324981594291,2.8206879371551303,0.440446792853609,1.9199402488717,2.429763897297129,0.2098243574170136,300,reference,0.15,0.15,2002,0.559553207146391
0.8476458123513108,3.961297402637753,0.7860181334057676,1.0692931555460474,3.883727278731105,0.7246734698901391,300,reference,0.15,0.15,2003,0.21398186659423235
1.45070006152875,2.484491446959069,0.4160977839934382,1.4056285426898667,2.9903005993894287,0.5299373772065346,300,reference,0.15,0.2,2000,0.5839022160065619
1.189057980499315,2.4157662903990857,0.5077926266191577,0.8619519812526838,1.6665336568443043,0.4827875346455056,300,reference,0.15,0.2,2001,0.4922073733808423
1.277753752146244,2.9792851391109463,0.5711206908756842,0.938325661296738,2.9767215093044164,0.6847788218132637,300,reference,0.15,0.2,2002,0.42887930912431593
1.8661517983438467,2.810793275555935,0.3360764683148929,2.037143848173277,2.268677897573748,0.1020568189288071,300,reference,0.15,0.2,2003,0.6639235316851071
1.008975292206076,2.7416110722050395,0.6319772332278439,0.461478774022215,3.5591980228731317,0.8703419222373892,300,reference,0.15,0.25,2000,0.36802276677215606
1.2904767716154877,2.1332542299319743,0.395066582543873,1.479887025790005,1.9450964777370177,0.2391703739488804,300,reference,0.15,0.25,2001,0.6049334174561269
1.716500206099625,2.430764093811816,0.2938433595964937,2.05409104849592,3.072717488340011,0.3315067017093032,300,reference,0.15,0.25,2002,0.7061566404035061
1.0448988957994176,2.1220491351522,0.5075991038612429,1.1808525172226385,1.9034735392850897,0.3796328171359056,300,reference,0.15,0.25,2003,0.492400896138757
1.439897544101078,1.76015566365071,0.1819487481495755,1.414249047699936,2.111149234934069,0.3301046537602524,300,reference,0.15,0.3,2000,0.8180512518504244
1.1378622648056185,2.11878662525478,0.4629651465405147,0.7993447892262107,2.1883297482889,0.6347237934085415,300,reference,0.15,0.3,2001,0.5370348534594854
0.9183800368119954,2.241001145794516,0.5901920717285504,0.8020476544629055,2.3813850406824373,0.6632011872246155,300,reference,0.15,0.3,2002,0.40980792827144963
0.9881264411179184,1.4297035644289384,0.3088592169016504,1.0499417392782968,1.6298562051582737,0.3558071344236542,300,reference,0.15,0.3,2003,0.6911407830983497
1.054972817703381,1.4591084689033187,0.2769743715514792,1.244794782161658,1.2725723732202203,0.0218279067211492,300,reference,0.15,0.35,2000,0.7230256284485208
1.0784348371210264,2.0226986872458674,0.4668336693343895,0.8095806388540322,1.88353968741273,0.5701812686696879,300,reference,0.15,0.35,2001,0.5331663306656105
1.4467516183959912,1.5099426660500035,0.0418499649521922,1.604310212080095,1.0166248363851014,-0.5780749738366378,300,reference,0.15,0.35,2002,0.9581500350478078
1.1926620395495755,1.8368862954490357,0.350715369533516,1.4419272300916557,2.551364687345798,0.4348407982428799,300,reference,0.15,0.35,2003,0.6492846304664838
1.1000308103024674,1.2759520379444804,0.137874483060834,1.0506486950756049,0.8523419839923961,-0.2326609680240481,300,reference,0.15,0.4,2000,0.862125516939166
0.825286828647609,1.4390912810819545,0.426522250883813,0.5924704489596666,1.200460479614723,0.5064640119183141,300,reference,0.15,0.4,2001,0.5734777491161869
1.2860077733016062,1.3516842927764094,0.0485886533015051,1.016515525672242,1.3270430968352496,0.2339996130521743,300,reference,0.15,0.4,2002,0.9514113466984948
0.997558861710278,1.7994567035887046,0.445633307141639,1.092964018299201,2.443811460924717,0.5527625449936988,300,reference,0.15,0.4,2003,0.5543666928583609
0.5058216882630653,1.915226221911938,0.7358945473511156,0.1396849912422744,1.827536361405508,0.9235665050544624,300,reference,0.2,0.0,2000,0.26410545264888446
0.7489407018740579,2.035085817921844,0.6319856905892798,1.2097659345138008,1.5586458045446214,0.2238352478886314,300,reference,0.2,0.0,2001,0.3680143094107201
0.5309527761070719,2.004340130929392,0.7350984656177719,-0.2280889551278038,1.7740744792710852,1.1285678576592335,300,reference,0.2,0.0,2002,0.26490153438222813
0.6952618652538843,2.4951230551956938,0.721351672894003,0.5591658481935561,1.928081715856916,0.7099885115890741,300,reference,0.2,0.0,2003,0.278648327105997
0.6813869407611757,0.9816147032374264,0.3058509224506121,0.7393671482893833,0.5528147937146147,-0.3374590490265976,300,reference,0.2,0.05,2000,0.6941490775493879
0.4821079773456737,1.100647545484172,0.5619778744578986,0.4520671379882158,0.8986965919817167,0.4969746830892481,300,reference,0.2,0.05,2001,0.43802212554210135
0.4593595650144231,1.546914789467532,0.7030479195479535,0.0267665007423179,1.5175551369254907,0.9823620901204644,300,reference,0.2,0.05,2002,0.2969520804520465
0.5776783766480754,1.4399046293005104,0.5988078898470484,0.4729188637775174,1.4722327558975492,0.678774390881419,300,reference,0.2,0.05,2003,0.40119211015295164
0.5275626293708129,0.6216728966877367,0.1513822909416541,0.840226905408174,0.8885847362861572,0.0544211811245991,300,reference,0.2,0.1,2000,0.8486177090583459
0.532808204820472,0.638120261195758,0.1650348104884561,0.3561158793520814,0.6107372392020203,0.4169081947297387,300,reference,0.2,0.1,2001,0.8349651895115439
0.4995887404753523,0.5740354312842401,0.12969006223594,0.5997692816497082,0.7174542714919984,0.1640313459944361,300,reference,0.2,0.1,2002,0.87030993776406
0.379275750993879,0.9118739869600606,0.5840699960547389,0.2745951334152222,0.9931121010722344,0.7235003650456481,300,reference,0.2,0.1,2003,0.41593000394526114
1.4964375510798218,2.562077581815113,0.4159280883213281,1.628906406121512,2.352861507936683,0.3076913364314568,300,reference,0.2,0.15,2000,0.5840719116786719
1.5523713231696858,2.6307755286078587,0.4099187459025961,1.7018713245379402,2.221403827735024,0.233875757622515,300,reference,0.2,0.15,2001,0.5900812540974039
1.4818336976671207,3.000832340807939,0.5061924395055826,1.418888525062067,3.311260529391392,0.5714959567609565,300,reference,0.2,0.15,2002,0.49380756049441743
1.5144135326238797,2.579402285029948,0.412881991532276,2.5380306060239626,2.514696337283598,-0.00927915963228,300,reference,0.2,0.15,2003,0.587118008467724
0.2693375591901383,0.3231499693485069,0.1665245714454444,0.2011715089100123,0.3957397709639152,0.4916570846038222,300,reference,0.2,0.2,2000,0.8334754285545556
0.3567505947174051,0.5471887601730979,0.3480301119406207,0.2179868877531749,0.6690952486911885,0.6742064927533453,300,reference,0.2,0.2,2001,0.6519698880593792
0.3050466356208422,0.5319635445548574,0.4265647735765376,0.0693683535307299,0.7451797039708375,0.9069105704824124,300,reference,0.2,0.2,2002,0.5734352264234623
0.3395234628024479,0.4848128846978738,0.299681436861909,0.3823689669586548,0.4773887466946433,0.1990406778414635,300,reference,0.2,0.2,2003,0.7003185631380908
1.1665088063645974,2.193820843448856,0.4682752651165646,1.028454397457428,1.8450859131983068,0.4425980979526933,300,reference,0.2,0.25,2000,0.5317247348834353
1.2557278872242534,2.051925909032319,0.3880247421718797,1.2652519619535534,2.612406552757101,0.5156757049861851,300,reference,0.2,0.25,2001,0.6119752578281202
1.385949464871458,2.178788115617593,0.3638897445157943,1.2273499752274877,2.2914533934972097,0.4643792543586018,300,reference,0.2,0.25,2002,0.6361102554842057
0.8560568575837051,1.9744154968718757,0.566425172948662,0.9621604824899104,1.7555955232637863,0.4519463795959216,300,reference,0.2,0.25,2003,0.433574827051338
1.3055049322114474,1.634270879599936,0.2011698008527015,1.157238885995818,1.2639123537254715,0.0843994185318515,300,reference,0.2,0.3,2000,0.7988301991472984
1.2643021484302193,1.864328994914656,0.321846009004384,1.3674151896249958,1.8042794026029456,0.2421266974215341,300,reference,0.2,0.3,2001,0.6781539909956159
1.178177081536194,1.5137232714087716,0.2216694399897122,1.249654205433399,0.8332917313871089,-0.4996599130453478,300,reference,0.2,0.3,2002,0.7783305600102878
0.7924451326816521,1.8760348906081592,0.5775957384114732,0.2382503516465327,1.68853566510479,0.8589012026395385,300,reference,0.2,0.3,2003,0.4224042615885268
1.0276515010980058,1.310100877813995,0.2155936092396778,0.5700090868186843,0.7810469908564655,0.2701987287683743,300,reference,0.2,0.35,2000,0.7844063907603223
0.8363541197735783,1.4025002053275686,0.4036691641137842,1.2343540661674393,1.4975892494878869,0.1757726181664719,300,reference,0.2,0.35,2001,0.5963308358862158
1.136564627999432,1.4900080126567128,0.2372090496527495,1.4516899845119555,0.7853163186566038,-0.8485417277400773,300,reference,0.2,0.35,2002,0.7627909503472504
1.0646484371107756,1.5592155829220662,0.3171897146412821,0.8294856242611642,1.5503998327524235,0.4649859947491228,300,reference,0.2,0.35,2003,0.6828102853587179
0.1647989113765311,0.1403576658547157,-0.1741354515478654,0.1470089538673046,0.1564623062464746,0.0604193598187041,300,reference,0.2,0.4,2000,1.174135451547866
0.1889672262154582,0.163303419052522,-0.1571541325456402,0.2295657118819941,0.1533374437832831,-0.4971275522660134,300,reference,0.2,0.4,2001,1.1571541325456398
0.1715870928369893,0.1544739136738893,-0.1107836187748028,0.2359041821106252,0.1256108975855477,-0.8780550624595442,300,reference,0.2,0.4,2002,1.1107836187748032
0.1715979600876507,0.2009013673923286,0.1458596707679594,0.1153516991450055,0.1742277419288565,0.3379257638998284,300,reference,0.2,0.4,2003,0.8541403292320406
2.286830835998692,5.195043273952834,0.5598052383000314,3.2889926860885104,3.728961146440134,0.1179868716979368,300,reference,0.25,0.0,2000,0.4401947616999686
2.160360983961414,6.196015379058544,0.6513305968763314,2.394503441627779,4.551904889397798,0.4739557394520683,300,reference,0.25,0.0,2001,0.3486694031236686
3.556356684737444,7.986453686582953,0.5547013950995501,3.430527069879922,7.203000445559095,0.5237363796090053,300,reference,0.25,0.0,2002,0.4452986049004499
3.2754153043875456,9.000033134926895,0.6360663060587552,2.203782450354929,6.719353113617043,0.6720246111357246,300,reference,0.25,0.0,2003,0.3639336939412447
1.5595819665753692,5.023028610252501,0.6895136206486845,1.1390445657997412,5.486512607057602,0.7923918803477229,300,reference,0.25,0.05,2000,0.3104863793513155
1.7038146047984304,4.25104723829197,0.5992012063636802,1.6936713020992755,4.20638798341909,0.5973573268144885,300,reference,0.25,0.05,2001,0.40079879363631976
2.768911112708897,4.635233209217413,0.4026382303261965,4.362211599351233,4.207241635829044,-0.0368341010419885,300,reference,0.25,0.05,2002,0.5973617696738035
1.9558209940339588,3.768856076314565,0.4810571286270795,2.4576669934242807,4.857106568245634,0.4940059562432084,300,reference,0.25,0.05,2003,0.5189428713729204
1.700638674266692,3.3614543791725326,0.4940765268736661,1.6352167373637585,2.902364320276928,0.4365914968222408,300,reference,0.25,0.1,2000,0.5059234731263338
1.3322689077873855,4.274161811719316,0.6882970354247141,0.23956365378107,3.782401271983447,0.9366636069114248,300,reference,0.25,0.1,2001,0.31170296457528585
2.1102713516815346,4.0596392221949085,0.4801825393389064,2.989654193691773,4.444968048111726,0.3274070451503441,300,reference,0.25,0.1,2002,0.5198174606610936
1.7139802685241832,3.4459348389809668,0.5026080443729336,1.4157593644143638,2.697520257512405,0.4751626570841968,300,reference,0.25,0.1,2003,0.4973919556270664
1.3844534857004864,2.696296748484001,0.4865351944370001,1.3868993233098044,3.0642623319564763,0.5473953685863788,300,reference,0.25,0.15,2000,0.5134648055629999
1.209187682937151,3.3172870942670367,0.6354889858562802,0.6092606641550566,3.882287146936697,0.8430665633180195,300,reference,0.25,0.15,2001,0.36451101414371984
1.7672613404313045,2.297844718104316,0.2309048011350105,1.639969072917178,1.9593102929415704,0.1629865474472427,300,reference,0.25,0.15,2002,0.7690951988649894
1.197172833801503,2.9615457674511694,0.5957608195831327,1.8386292715624863,2.886225535227312,0.362964103421086,300,reference,0.25,0.15,2003,0.40423918041686735
1.5128262306280928,2.132448513254916,0.2905684609852771,1.2727346784042453,2.4568192611434174,0.4819583603346111,300,reference,0.25,0.2,2000,0.7094315390147229
0.6833450456640996,2.043199683893768,0.6655515116555643,0.7829312292013842,1.2997338213364311,0.3976218696868662,300,reference,0.25,0.2,2001,0.33444848834443575
1.2084938110540455,2.548535933391618,0.5258086043755446,1.4840480984238484,3.3389535982453897,0.5555349738302109,300,reference,0.25,0.2,2002,0.47419139562445545
1.7488892325948666,2.061635251271358,0.1516980360534816,2.60982920288626,1.2488223752728749,-1.0898321927615986,300,reference,0.25,0.2,2003,0.8483019639465184
1.0712139781066354,1.6986236947913722,0.3693635727610619,0.8188470494928076,1.3265585386895749,0.3827282961054278,300,reference,0.25,0.25,2000,0.6306364272389381
1.023808861589869,2.2450683405130083,0.5439742999734591,0.7033536947876284,2.246459038589084,0.6869056222679323,300,reference,0.25,0.25,2001,0.45602570002654086
1.498313614574127,2.107466449022668,0.2890450923814394,1.7826063111183823,1.7814679405588008,-0.0006390070422623,300,reference,0.25,0.25,2002,0.7109549076185606
1.0735264197478944,1.683360718199012,0.3622719075348063,1.2934815102378694,1.54823198670154,0.1645428325030337,300,reference,0.25,0.25,2003,0.6377280924651937
0.9095836178005948,1.3267488529797204,0.3144266786002657,0.9499885227434224,1.4559339457036045,0.3475057535770796,300,reference,0.25,0.3,2000,0.6855733213997344
1.0000656024585517,1.82667669755278,0.4525218371711036,1.3367578728105762,2.1829146312918084,0.3876270497946557,300,reference,0.25,0.3,2001,0.5474781628288965
1.326081903547154,1.9110991258060532,0.3061155825772009,1.3615932735178236,2.2783338282019243,0.4023732357990743,300,reference,0.25,0.3,2002,0.6938844174227992
0.7299638039791189,1.314730842053758,0.4447808017960292,0.7631019637901383,1.2602131415089228,0.3944659528971154,300,reference,0.25,0.3,2003,0.5552191982039708
0.964709576085078,1.2107506488518138,0.2032136617065312,1.2028897061712038,0.953045951885685,-0.262152893877972,300,reference,0.25,0.35,2000,0.7967863382934687
0.8813397702215167,1.485939986750861,0.4068806425024984,0.5855388451685215,1.7588980994115833,0.6670990517504078,300,reference,0.25,0.35,2001,0.5931193574975016
1.270020832327993,1.1483528290360852,-0.1059500183354225,1.1568077659030755,1.2342233688085604,0.0627241428593406,300,reference,0.25,0.35,2002,1.1059500183354227
0.8691524821114265,1.06239610466217,0.1818941369445181,0.98255887807134,0.4659604121055868,-1.108674583815699,300,reference,0.25,0.35,2003,0.8181058630554818
0.8945058987387059,0.9899689882649424,0.0964303838381328,1.1246281866492416,0.7440607384899469,-0.5114736317516859,300,reference,0.25,0.4,2000,0.903569616161867
0.7776762395769066,1.1191650916717086,0.3051282198095695,1.0199840218955671,1.1803321223974987,0.1358499844740576,300,reference,0.25,0.4,2001,0.6948717801904305
0.9260685057561804,0.9633757755037418,0.0387255634781285,1.1887413472400623,0.7389969770790424,-0.6085875641043601,300,reference,0.25,0.4,2002,0.9612744365218715
0.7737396956067393,1.436250970590601,0.461278208718237,0.5998720656481445,1.1945032675728369,0.4978062581050526,300,reference,0.25,0.4,2003,0.538721791281763
2.3463294503472567,7.756537137869773,0.6975029696058873,2.6862719118919327,7.375119922558002,0.6357656634605311,300,reference,0.3,0.0,2000,0.3024970303941127
1.3454699981512237,8.25728845176244,0.8370566795611887,2.8358509692000977,8.337809281121014,0.6598805665150907,300,reference,0.3,0.0,2001,0.16294332043881135
2.1160835703934664,6.156850866916802,0.6563042347242773,0.9339528275505556,5.264737301989689,0.8226021976067848,300,reference,0.3,0.0,2002,0.3436957652757226
2.1616508344002225,8.665548716770216,0.7505465718267978,3.6620869305580666,8.28685744403039,0.558084961000973,300,reference,0.3,0.0,2003,0.2494534281732021
1.433441832110712,4.733464552244244,0.6971685714998997,1.7397899106148214,6.062699653968831,0.7130337951879406,300,reference,0.3,0.05,2000,0.3028314285001003
1.7783346799740776,4.885352754984793,0.6359864334956068,1.5640751153688306,5.666678604708004,0.7239873258262146,300,reference,0.3,0.05,2001,0.3640135665043932
1.1452967327627877,5.249259384966219,0.7818174624704399,2.2586850317358578,5.288282769201828,0.5728887560835243,300,reference,0.3,0.05,2002,0.2181825375295601
1.4902518901814092,5.755427877695019,0.74107018246952,1.8887714100265331,6.3086635776782245,0.7006067312402705,300,reference,0.3,0.05,2003,0.25892981753048006
1.32989873569398,2.9972344363456886,0.5562913866305936,1.7020679710587632,3.395670108835766,0.498753437022676,300,reference,0.3,0.1,2000,0.4437086133694064
1.487553306635545,3.063110579758669,0.5143651305096717,1.9151878711647212,1.6460203273999483,-0.1635262574125981,300,reference,0.3,0.1,2001,0.4856348694903283
1.373928086714639,3.552403120589645,0.6132398153938712,1.1514787598468272,2.9171370919284074,0.605270947658607,300,reference,0.3,0.1,2002,0.38676018460612877
1.3253978320476787,2.9488837871065448,0.5505425348252995,1.4687655046862254,2.611765761698673,0.4376350566250814,300,reference,0.3,0.1,2003,0.4494574651747005
1.113790934486636,2.41430979894624,0.5386710790086815,0.9203043550558844,2.7940780477947444,0.6706232469840117,300,reference,0.3,0.15,2000,0.46132892099131845
1.4005444662195774,2.8568293454830576,0.509755642760397,1.8230399355501237,3.302700865390837,0.4480154243898235,300,reference,0.3,0.15,2001,0.490244357239603
1.374083529241454,2.74331440627954,0.4991155493894064,1.0059840811000142,2.958384576318501,0.6599549331237085,300,reference,0.3,0.15,2002,0.5008844506105935
1.816350759269952,3.0198961440223493,0.3985386673428231,2.170329440449178,2.0251006380205294,-0.071714363080052,300,reference,0.3,0.15,2003,0.6014613326571768
1.3155684709174578,2.0900182854616087,0.3705469085755406,0.5613341926740828,1.2834322057656018,0.5626304294435001,300,reference,0.3,0.2,2000,0.6294530914244594
1.029097054941472,2.498803185050853,0.5881640214411168,1.3578398243691734,2.177378110648037,0.3763876757422488,300,reference,0.3,0.2,2001,0.41183597855888315
0.9766280630409306,2.59662250714943,0.623885235396395,1.0114919237137563,2.4220529792479635,0.5823824117886058,300,reference,0.3,0.2,2002,0.37611476460360505
1.6121851790796584,2.154166824598721,0.2515968769596213,2.379948772496096,1.9986950788964384,-0.1907513045012165,300,reference,0.3,0.2,2003,0.7484031230403787
0.9733529764308864,1.551101091276216,0.372476119122558,0.7605615048983485,1.4036656413380502,0.4581604888658954,300,reference,0.3,0.25,2000,0.6275238808774419
1.1587209452670184,1.4797923001883408,0.2169705538273567,1.4539989377253744,1.2565948467683845,-0.1570944616434315,300,reference,0.3,0.25,2001,0.7830294461726433
0.9326770374470024,1.7224288114489517,0.4585105455461986,1.4983013279621915,2.0087266986032217,0.2541039410667249,300,reference,0.3,0.25,2002,0.5414894544538014
0.7204230420287614,1.8107171666187825,0.6021338642445007,0.6083516903808757,1.9046860272777089,0.6806026391392348,300,reference,0.3,0.25,2003,0.39786613575549923
1.0293397828858883,1.1322636326203597,0.0909009587248491,1.5420886290430662,1.619138344784728,0.0475868637104669,300,reference,0.3,0.3,2000,0.9090990412751506
0.9564226237751652,1.6604956888895837,0.4240137868621931,1.2536118530828475,1.6981540334867298,0.2617796569909075,300,reference,0.3,0.3,2001,0.5759862131378068
1.1000659041407137,1.4238416601064812,0.2273959001463366,0.9540809279370124,1.2044458634729072,0.2078673215033433,300,reference,0.3,0.3,2002,0.7726040998536634
0.805963403385488,1.4041830823315322,0.4260268382900247,0.5984744230314909,1.100918287345403,0.4563861551663689,300,reference,0.3,0.3,2003,0.5739731617099753
0.9419772500977632,1.4103532044387217,0.3320983374000684,1.3791417313216412,1.6299363529970474,0.1538677391999124,300,reference,0.3,0.35,2000,0.6679016625999314
0.9115286702143454,1.1464312292868386,0.2048989534405995,0.8311097312145169,0.8047931891030817,-0.0326997574877145,300,reference,0.3,0.35,2001,0.7951010465594005
0.8934348041863799,1.0828052055410258,0.17488870609929,0.6635042680798033,1.5729144036896228,0.5781688650549544,300,reference,0.3,0.35,2002,0.8251112939007099
0.8214853601650576,1.0719589350038556,0.233659673574993,0.718956454554819,1.1010983694732157,0.3470552000737408,300,reference,0.3,0.35,2003,0.7663403264250069
0.7008884568369004,0.529094219153657,-0.3246949814686064,0.9015019964524132,0.0909251886648128,-8.914766300631115,300,reference,0.3,0.4,2000,1.3246949814686064
0.611345163491733,0.9264029374681796,0.3400871923371555,0.7839125435971392,0.897575307836861,0.1266331228670347,300,reference,0.3,0.4,2001,0.6599128076628445
0.5855347954413634,1.1612101520103544,0.49575467073927,0.8929802720611375,0.9414889813010252,0.0515233956034772,300,reference,0.3,0.4,2002,0.50424532926073
0.5340804145124224,1.1575322554490817,0.5386042920201666,0.2789629557082886,1.272292346074808,0.780739893178697,300,reference,0.3,0.4,2003,0.46139570797983337
2.2990284357655755,6.107079591682214,0.623546999633535,1.8327222644152,8.48659416326434,0.7840450209875183,300,reference,0.35,0.0,2000,0.376453000366465
2.876489209022297,7.841299553138882,0.6331616730710363,2.5200883929202185,9.595553232048044,0.7373691404781735,300,reference,0.35,0.0,2001,0.36683832692896357
1.7906836342078227,6.575063537071244,0.7276553109925605,0.9598212902810928,5.383949522240843,0.8217254292009767,300,reference,0.35,0.0,2002,0.27234468900743947
1.788744916656385,6.796881925593614,0.7368286022564439,2.554222905807709,4.149262131066488,0.384415150182089,300,reference,0.35,0.0,2003,0.26317139774355613
1.3812505306621952,4.540081106465932,0.6957652301200008,2.000093649315032,3.793035909438328,0.4726931942990211,300,reference,0.35,0.05,2000,0.30423476987999926
1.2204884482450742,5.673416381975504,0.784875925531823,1.159850755626965,6.824471254312865,0.8300453306336408,300,reference,0.35,0.05,2001,0.21512407446817708
2.387161990955616,4.793287739586069,0.5019781576555713,2.508670688627854,4.337054131562949,0.4215726591072541,300,reference,0.35,0.05,2002,0.49802184234442864
1.8100025208218675,6.750226554890485,0.7318604781478726,3.045030503899283,5.93928582025594,0.4873069597839181,300,reference,0.35,0.05,2003,0.26813952185212736
1.817481068143568,2.05713557579242,0.1164991313499288,2.4435365316328617,1.4886848641488757,-0.641406177008391,300,reference,0.35,0.1,2000,0.8835008686500714
1.56026267370483,3.638649831955557,0.5711973545785576,1.8563507706974556,2.76455087186,0.3285163280614561,300,reference,0.35,0.1,2001,0.4288026454214425
0.8729991540943101,2.881960977833084,0.6970815494001903,0.8933044320779447,2.260882595525867,0.6048868553167097,300,reference,0.35,0.1,2002,0.3029184505998096
1.772742519962322,3.036189043051567,0.4161290700856358,1.5791642914671389,2.991240084234708,0.4720703631279536,300,reference,0.35,0.1,2003,0.5838709299143642
1.4230895065816158,2.991775589456419,0.5243328037046457,1.7899218859150543,2.964957355302332,0.3963077132579741,300,reference,0.35,0.15,2000,0.4756671962953543
1.4230801739256196,3.1343866670484752,0.5459781050990506,1.4802534509070666,4.230415023638328,0.6500926167678961,300,reference,0.35,0.15,2001,0.4540218949009493
1.399381801924632,2.9517303570963347,0.5259113697291691,1.6353439369393747,2.6091428200616877,0.3732255956380683,300,reference,0.35,0.15,2002,0.4740886302708309
1.2641959426811495,2.953843743256859,0.5720166493007284,1.2168961798268234,3.839790405010709,0.6830826551785631,300,reference,0.35,0.15,2003,0.4279833506992716
1.191277422718765,2.3057492635125607,0.48334476711315,0.9730937108313048,2.5992815384361023,0.6256297378941177,300,reference,0.35,0.2,2000,0.51665523288685
1.0840080649686623,1.7661109372945871,0.3862174554962002,1.2904818538407736,1.6152718957728895,0.2010745328895279,300,reference,0.35,0.2,2001,0.6137825445037997
0.8833417689760327,2.1889616454757124,0.5964562600711709,1.029711148358934,2.3093176199113903,0.5541058798146421,300,reference,0.35,0.2,2002,0.4035437399288291
1.4096924786184215,2.206155761441372,0.3610186083609021,2.357472208529196,1.782743019198371,-0.3223847650174827,300,reference,0.35,0.2,2003,0.6389813916390978
0.9704516494439211,1.4544988846757352,0.3327931291880825,0.9649284494727106,1.3065057717297404,0.2614434085544073,300,reference,0.35,0.25,2000,0.6672068708119173
0.8334257438205029,1.2643611810152964,0.3408325434736515,0.3862012893847035,1.3755073104076838,0.7192299259607438,300,reference,0.35,0.25,2001,0.6591674565263484
0.6713908560099591,1.3429358191785608,0.5000573769633819,0.4971495239443269,0.8146262347609278,0.3897207053609957,300,reference,0.35,0.25,2002,0.4999426230366181
0.9254142896227986,1.6245395244522771,0.4303528626459196,0.970086125826954,2.068081331106147,0.5309245766905659,300,reference,0.35,0.25,2003,0.5696471373540803
0.5772764981071434,1.5056588914074638,0.6165954311420992,0.6738749589206409,1.5787481710439542,0.5731586764246016,300,reference,0.35,0.3,2000,0.38340456885790075
0.3426394311304804,1.4027693203028628,0.755740715047501,-0.0013520132342003,1.3487255098452515,1.0010024376526812,300,reference,0.35,0.3,2001,0.24425928495249907
1.1238907231834745,1.4053576840951147,0.2002813690045549,1.2072421176799129,1.6560014143881934,0.2709896820191266,300,reference,0.35,0.3,2002,0.7997186309954452
0.6097524629101764,1.1161351744392702,0.4536929962658806,0.4413356420388794,1.4596492483389685,0.6976426750871112,300,reference,0.35,0.3,2003,0.5463070037341193
1.0424601108845266,1.0406434624631642,-0.0017456972410727,0.7985927696027135,1.0433185435648749,0.2345647697643399,300,reference,0.35,0.35,2000,1.0017456972410728
0.9362186879361216,0.9375699521474254,0.0014412409529644,0.7437302654365424,1.1691123837467692,0.3638504939507723,300,reference,0.35,0.35,2001,0.9985587590470355
0.8298870875927143,1.0195309849329888,0.1860109208478242,0.7010071120025672,1.3403072648208054,0.4769802936968416,300,reference,0.35,0.35,2002,0.8139890791521758
0.7269858756285603,1.1724282644947834,0.379931465622053,0.3036488934924863,1.0178475189247755,0.7016754593917445,300,reference,0.35,0.35,2003,0.620068534377947
0.5062112617511887,0.7763281657178468,0.3479416513464887,0.4701729325458461,1.0186105747151368,0.5384173851942053,300,reference,0.35,0.4,2000,0.6520583486535113
0.6040005855860158,0.8051601755867597,0.249837977709403,0.6091159015268844,0.6078127358546699,-0.002144024952656,300,reference,0.35,0.4,2001,0.7501620222905969
0.7303947570306379,0.8684758442528053,0.1589924327037163,0.8091031904783363,1.0638851824719724,0.23948260225003,300,reference,0.35,0.4,2002,0.8410075672962837
0.7492962905497753,0.6501755435300477,-0.1524522846269544,0.7812279036085567,0.6123012190890594,-0.2758882054339446,300,reference,0.35,0.4,2003,1.1524522846269545
0.8034869617602105,2.2076460728614173,0.6360435797941202,0.5797333520072231,3.013568140858816,0.807625603633436,300,reference,0.4,0.0,2000,0.36395642020587987
0.5779841554032555,2.725756576183271,0.7879545956328297,0.0398533185763247,3.2352953964842825,0.9876817064000918,300,reference,0.4,0.0,2001,0.21204540436717037
0.9180221395195564,2.506113725865481,0.6336869591971452,1.506335839898771,1.1480188886235398,-0.3121176444273044,300,reference,0.4,0.0,2002,0.36631304080285476
0.576905175107432,3.311162004402871,0.8257695714252827,0.1243917181274661,5.618052423292364,0.9778585693483848,300,reference,0.4,0.0,2003,0.17423042857471724
0.8565466549462464,0.903920289520862,0.0524090842122006,0.57443559041613,0.8842637639752091,0.3503798144642341,300,reference,0.4,0.05,2000,0.9475909157877994
0.7504530840357129,1.4072138615387535,0.4667099972884641,0.7622718505139834,1.566854219412362,0.5135017405768175,300,reference,0.4,0.05,2001,0.5332900027115359
0.7875888496561958,1.363028429355542,0.4221772395249464,1.4298163720328931,1.4148102844576764,-0.0106064309399396,300,reference,0.4,0.05,2002,0.5778227604750535
0.579852989116254,1.6375385930018145,0.6458996498804279,0.5844870816321184,1.4419495187157527,0.5946549625726969,300,reference,0.4,0.05,2003,0.35410035011957214
0.4178173504800618,0.7244133694385264,0.4232335181722267,0.2629637519366419,0.97964903450967,0.7315735098251187,300,reference,0.4,0.1,2000,0.5767664818277732
0.5335077922798344,0.7294838564795274,0.268650310022581,0.7377499593419357,0.8101806969042953,0.0894007199123823,300,reference,0.4,0.1,2001,0.731349689977419
0.4265873811866386,0.7486370272182816,0.430181295237675,0.6256933566025318,0.8900637086234413,0.297024077557078,300,reference,0.4,0.1,2002,0.5698187047623249
0.3306374139597993,0.6269561822407572,0.4726307462539203,0.3209006719020651,0.973938174514684,0.6705122765498223,300,reference,0.4,0.1,2003,0.5273692537460797
0.9130042553335086,2.6928417149072987,0.660951384450408,0.9440935107945334,3.3006297068602137,0.7139656384864147,300,reference,0.4,0.15,2000,0.3390486155495919
1.1898712460696976,3.194315644512244,0.6275035473986839,2.181692748929092,4.163639645643731,0.4760130715894879,300,reference,0.4,0.15,2001,0.3724964526013161
0.5373217076841834,3.053809294840112,0.8240487025198094,0.1762158448237755,2.5528536480168382,0.9309729937081715,300,reference,0.4,0.15,2002,0.17595129748019053
1.3722601034946296,1.945732749720179,0.2947335117363996,1.7312734263009542,2.157402112817704,0.1975193608947563,300,reference,0.4,0.15,2003,0.7052664882636004
0.1991601348229801,0.2619374119214395,0.2396651804641316,0.2592841991041538,0.2629093286995894,0.0137885164188216,300,reference,0.4,0.2,2000,0.7603348195358683
0.1284403720125078,0.287268226158994,0.5528904336902889,0.0678632061231771,0.3190175187441709,0.7872743591313599,300,reference,0.4,0.2,2001,0.44710956630971105
0.2382754357712747,0.2603234587988141,0.0846947222093372,0.2807286332312512,0.283443622307824,0.0095785858735047,300,reference,0.4,0.2,2002,0.9153052777906628
0.2555616856239646,0.2023024657697849,-0.2632653025336198,0.1988017233542055,0.176035014241559,-0.1293305721633624,300,reference,0.4,0.2,2003,1.2632653025336198
0.8985442181951232,0.7194142852661595,-0.2489941284147445,0.9164789006821524,0.5188506625861383,-0.7663635546191501,300,reference,0.4,0.25,2000,1.2489941284147446
1.2918554560669535,1.8564235552973016,0.3041159963842055,1.3435505533245162,1.79589726129358,0.2518778316100553,300,reference,0.4,0.25,2001,0.6958840036157945
1.0487353216903466,1.405956516823567,0.2540769866341805,0.7377168243066294,1.3143341175895424,0.4387143919998176,300,reference,0.4,0.25,2002,0.7459230133658195
0.9221903944370642,1.237255620910168,0.2546484502865551,1.2881876864127173,0.9851263908897636,-0.3076369675257908,300,reference,0.4,0.25,2003,0.7453515497134449
0.509791459905098,1.2469874118346416,0.5911815507783975,0.1246399519933824,1.4835756618089642,0.9159867911007616,300,reference,0.4,0.3,2000,0.40881844922160254
0.6815437455076816,1.2276460903096582,0.4448369518810011,0.2087215268915095,1.2323177636082885,0.8306268617922358,300,reference,0.4,0.3,2001,0.5551630481189989
0.5935879319222321,1.1950453281978632,0.5032925380183135,0.5026515057083506,1.413100905236148,0.6442918521629912,300,reference,0.4,0.3,2002,0.4967074619816864
0.5277713823373791,1.469995296196259,0.6409706999042558,0.443113857410586,1.011922503397746,0.5621069242726231,300,reference,0.4,0.3,2003,0.3590293000957442
0.5651158386227801,0.886671420085946,0.3626547266314247,0.2888547174241311,1.0359528261457385,0.721170008774613,300,reference,0.4,0.35,2000,0.6373452733685753
0.63383508219688,1.1932982795138285,0.4688376803366245,0.4815968671926116,1.4119041480961516,0.6589025764659666,300,reference,0.4,0.35,2001,0.5311623196633753
0.4253554187142968,1.0686675592421968,0.6019759231618103,0.4120468521039438,1.5656087951987314,0.7368136578131318,300,reference,0.4,0.35,2002,0.3980240768381897
0.6573176546200765,0.918661568759556,0.2844833429707581,0.800263249652617,0.9242604804052236,0.1341583172508279,300,reference,0.4,0.35,2003,0.7155166570292419
0.0430269151254908,0.0737638844545082,0.4166940170833005,0.0230628842881404,0.0870421130247048,0.7350376330869339,300,reference,0.4,0.4,2000,0.5833059829167001
0.0515884960641473,0.0722868102576519,0.2863359735991895,0.0580235533436438,0.1065516129391479,0.4554418113146595,300,reference,0.4,0.4,2001,0.713664026400811
0.0820720893322068,0.0599587834877727,-0.3688084473719126,0.0607641965804846,0.0498200801655925,-0.219672798167243,300,reference,0.4,0.4,2002,1.3688084473719124
0.0562139694557355,0.0641060963170629,0.1231103953404639,0.089433533877029,0.0536870103738584,-0.6658318884632197,300,reference,0.4,0.4,2003,0.8768896046595371
