eta_gain,eta_loss,reference_gap
0.0,0.0,0.0
0.0,0.02,0.0040000000000000036
0.0,0.04,0.008000000000000007
0.0,0.06,0.01200000000000001
0.0,0.08,0.016000000000000014
0.0,0.1,0.020000000000000018
0.0,0.12,0.02400000000000002
0.0,0.14,0.028000000000000025
0.0,0.16,0.03200000000000003
0.0,0.18,0.03600000000000003
0.0,0.2,0.040000000000000036
0.0,0.22,0.04400000000000004
0.0,0.24,0.04800000000000004
0.0,0.26,0.052000000000000046
0.0,0.28,0.05600000000000005
0.0,0.3,0.05999999999999994
0.0,0.32,0.06399999999999995
0.0,0.34,0.06799999999999995
0.0,0.36,0.07199999999999995
0.0,0.38,0.07599999999999996
0.0,0.4,0.07999999999999996
0.0,0.42,0.08399999999999996
0.0,0.44,0.08799999999999997
0.0,0.46,0.09199999999999997
0.0,0.48,0.09599999999999997
0.0,0.5,0.09999999999999998
0.0,0.52,0.10399999999999998
0.0,0.54,0.10799999999999998
0.0,0.56,0.11199999999999999
0.0,0.58,0.11599999999999999
0.0,0.6,0.12
0.0,0.62,0.124
0.0,0.64,0.128
0.0,0.66,0.132
0.0,0.68,0.136
0.0,0.7000000000000001,0.14
0.0,0.72,0.1439999999999999
0.0,0.74,0.1479999999999999
0.0,0.76,0.1519999999999999
0.0,0.78,0.15599999999999992
0.0,0.8,0.15999999999999992
0.02,0.0,0.00784000000000007
0.02,0.02,0.011759999999999993
0.02,0.04,0.015680000000000027
0.02,0.06,0.019600000000000062
0.02,0.08,0.023520000000000096
0.02,0.1,0.02744000000000013
0.02,0.12,0.031360000000000054
0.02,0.14,0.03528000000000009
0.02,0.16,0.039200000000000124
0.02,0.18,0.04312000000000016
0.02,0.2,0.04704000000000008
0.02,0.22,0.050960000000000116
0.02,0.24,0.05488000000000015
0.02,0.26,0.058800000000000074
0.02,0.28,0.06272000000000011
0.02,0.3,0.06664000000000003
0.02,0.32,0.07056000000000007
0.02,0.34,0.07447999999999999
0.02,0.36,0.07840000000000003
0.02,0.38,0.08232000000000006
0.02,0.4,0.08623999999999998
0.02,0.42,0.09016000000000002
0.02,0.44,0.09408000000000005
0.02,0.46,0.09800000000000009
0.02,0.48,0.10192000000000001
0.02,0.5,0.10584000000000005
0.02,0.52,0.10976000000000008
0.02,0.54,0.11368
0.02,0.56,0.11760000000000004
0.02,0.58,0.12152000000000007
0.02,0.6,0.1254400000000001
0.02,0.62,0.12936000000000003
0.02,0.64,0.13328000000000007
0.02,0.66,0.1372000000000001
0.02,0.68,0.14112000000000013
0.02,0.7000000000000001,0.14504000000000006
0.02,0.72,0.14895999999999998
0.02,0.74,0.15288000000000002
0.02,0.76,0.15679999999999994
0.02,0.78,0.16071999999999997
0.02,0.8,0.16464
0.04,0.0,0.01536000000000004
0.04,0.02,0.019200000000000106
0.04,0.04,0.02303999999999995
0.04,0.06,0.026880000000000015
0.04,0.08,0.03072000000000008
0.04,0.1,0.034560000000000035
0.04,0.12,0.0384000000000001
0.04,0.14,0.042240000000000055
0.04,0.16,0.04608000000000012
0.04,0.18,0.049920000000000075
0.04,0.2,0.05376000000000003
0.04,0.22,0.057600000000000096
0.04,0.24,0.06144000000000005
0.04,0.26,0.06528000000000012
0.04,0.28,0.06912000000000007
0.04,0.3,0.07296000000000002
0.04,0.32,0.07679999999999998
0.04,0.34,0.08064000000000004
0.04,0.36,0.08448
0.04,0.38,0.08831999999999995
0.04,0.4,0.09216000000000002
0.04,0.42,0.09599999999999997
0.04,0.44,0.09984000000000004
0.04,0.46,0.10368
0.04,0.48,0.10752000000000006
0.04,0.5,0.11136000000000001
0.04,0.52,0.11520000000000008
0.04,0.54,0.11904000000000003
0.04,0.56,0.12287999999999999
0.04,0.58,0.12672000000000005
0.04,0.6,0.13056
0.04,0.62,0.13440000000000007
0.04,0.64,0.13824000000000003
0.04,0.66,0.1420800000000001
0.04,0.68,0.14592000000000005
0.04,0.7000000000000001,0.14976000000000012
0.04,0.72,0.15359999999999996
0.04,0.74,0.1574399999999999
0.04,0.76,0.16127999999999998
0.04,0.78,0.16511999999999993
0.04,0.8,0.16896
0.06,0.0,0.022559999999999913
0.06,0.02,0.0263199999999999
0.06,0.04,0.030079999999999885
0.06,0.06,0.03383999999999987
0.06,0.08,0.03759999999999997
0.06,0.1,0.04135999999999995
0.06,0.12,0.04511999999999994
0.06,0.14,0.048879999999999924
0.06,0.16,0.05263999999999991
0.06,0.18,0.056400000000000006
0.06,0.2,0.06015999999999999
0.06,0.22,0.06391999999999998
0.06,0.24,0.06767999999999996
0.06,0.26,0.07143999999999995
0.06,0.28,0.07519999999999993
0.06,0.3,0.07895999999999992
0.06,0.32,0.0827199999999999
0.06,0.34,0.08647999999999989
0.06,0.36,0.09023999999999988
0.06,0.38,0.09399999999999986
0.06,0.4,0.09775999999999985
0.06,0.42,0.10151999999999994
0.06,0.44,0.10527999999999993
0.06,0.46,0.10903999999999991
0.06,0.48,0.1127999999999999
0.06,0.5,0.11655999999999989
0.06,0.52,0.12031999999999987
0.06,0.54,0.12407999999999997
0.06,0.56,0.12783999999999995
0.06,0.58,0.13159999999999994
0.06,0.6,0.13535999999999992
0.06,0.62,0.1391199999999999
0.06,0.64,0.1428799999999999
0.06,0.66,0.14663999999999988
0.06,0.68,0.15039999999999998
0.06,0.7000000000000001,0.15415999999999996
0.06,0.72,0.15791999999999984
0.06,0.74,0.16167999999999982
0.06,0.76,0.1654399999999998
0.06,0.78,0.1691999999999998
0.06,0.8,0.1729599999999999
0.08,0.0,0.02943999999999991
0.08,0.02,0.03312000000000004
0.08,0.04,0.036799999999999944
0.08,0.06,0.04047999999999985
0.08,0.08,0.04415999999999998
0.08,0.1,0.047839999999999994
0.08,0.12,0.0515199999999999
0.08,0.14,0.055199999999999916
0.08,0.16,0.05887999999999993
0.08,0.18,0.06255999999999995
0.08,0.2,0.06623999999999997
0.08,0.22,0.06991999999999998
0.08,0.24,0.0736
0.08,0.26,0.07728000000000002
0.08,0.28,0.08095999999999992
0.08,0.3,0.08463999999999983
0.08,0.32,0.08831999999999984
0.08,0.34,0.09199999999999986
0.08,0.36,0.09567999999999988
0.08,0.38,0.09935999999999989
0.08,0.4,0.10303999999999991
0.08,0.42,0.10671999999999993
0.08,0.44,0.11039999999999994
0.08,0.46,0.11407999999999985
0.08,0.48,0.11775999999999986
0.08,0.5,0.12143999999999988
0.08,0.52,0.1251199999999999
0.08,0.54,0.12879999999999991
0.08,0.56,0.13247999999999993
0.08,0.58,0.13615999999999995
0.08,0.6,0.13983999999999996
0.08,0.62,0.14351999999999987
0.08,0.64,0.1471999999999999
0.08,0.66,0.1508799999999999
0.08,0.68,0.15455999999999992
0.08,0.7000000000000001,0.15823999999999994
0.08,0.72,0.16191999999999984
0.08,0.74,0.16559999999999986
0.08,0.76,0.16927999999999988
0.08,0.78,0.1729599999999999
0.08,0.8,0.1766399999999999
0.1,0.0,0.03600000000000003
0.1,0.02,0.03960000000000008
0.1,0.04,0.04320000000000013
0.1,0.06,0.046800000000000175
0.1,0.08,0.0504
0.1,0.1,0.05400000000000005
0.1,0.12,0.057600000000000096
0.1,0.14,0.06120000000000003
0.1,0.16,0.06480000000000008
0.1,0.18,0.06840000000000013
0.1,0.2,0.07200000000000006
0.1,0.22,0.07560000000000011
0.1,0.24,0.07920000000000005
0.1,0.26,0.0828000000000001
0.1,0.28,0.08640000000000014
0.1,0.3,0.08999999999999997
0.1,0.32,0.09360000000000002
0.1,0.34,0.09719999999999995
0.1,0.36,0.1008
0.1,0.38,0.10440000000000005
0.1,0.4,0.10799999999999998
0.1,0.42,0.11160000000000003
0.1,0.44,0.11519999999999997
0.1,0.46,0.11880000000000002
0.1,0.48,0.12240000000000006
0.1,0.5,0.126
0.1,0.52,0.12960000000000005
0.1,0.54,0.13319999999999999
0.1,0.56,0.13680000000000003
0.1,0.58,0.14040000000000008
0.1,0.6,0.14400000000000002
0.1,0.62,0.14760000000000006
0.1,0.64,0.1512
0.1,0.66,0.15480000000000005
0.1,0.68,0.1584000000000001
0.1,0.7000000000000001,0.16200000000000003
0.1,0.72,0.16559999999999997
0.1,0.74,0.16920000000000002
0.1,0.76,0.17279999999999995
0.1,0.78,0.1764
0.1,0.8,0.17999999999999994
0.12,0.0,0.042240000000000055
0.12,0.02,0.04576000000000002
0.12,0.04,0.04927999999999999
0.12,0.06,0.05280000000000018
0.12,0.08,0.05632000000000015
0.12,0.1,0.059840000000000115
0.12,0.12,0.06336000000000008
0.12,0.14,0.06688000000000005
0.12,0.16,0.07040000000000013
0.12,0.18,0.0739200000000001
0.12,0.2,0.07744000000000006
0.12,0.22,0.08096000000000014
0.12,0.24,0.08448000000000011
0.12,0.26,0.08800000000000008
0.12,0.28,0.09152000000000016
0.12,0.3,0.09504000000000001
0.12,0.32,0.09855999999999998
0.12,0.34,0.10208000000000006
0.12,0.36,0.10560000000000003
0.12,0.38,0.10912
0.12,0.4,0.11264000000000007
0.12,0.42,0.11616000000000004
0.12,0.44,0.11968000000000001
0.12,0.46,0.12320000000000009
0.12,0.48,0.12672000000000005
0.12,0.5,0.13024000000000002
0.12,0.52,0.1337600000000001
0.12,0.54,0.13728000000000007
0.12,0.56,0.14080000000000004
0.12,0.58,0.14432000000000011
0.12,0.6,0.14784000000000008
0.12,0.62,0.15136000000000005
0.12,0.64,0.15488000000000013
0.12,0.66,0.1584000000000001
0.12,0.68,0.16192000000000006
0.12,0.7000000000000001,0.16544000000000014
0.12,0.72,0.16896
0.12,0.74,0.17247999999999997
0.12,0.76,0.17600000000000005
0.12,0.78,0.17952
0.12,0.8,0.18303999999999998
0.14,0.0,0.04815999999999998
0.14,0.02,0.05160000000000009
0.14,0.04,0.05503999999999998
0.14,0.06,0.05848000000000009
0.14,0.08,0.061919999999999975
0.14,0.1,0.06536000000000008
0.14,0.12,0.06879999999999997
0.14,0.14,0.07224000000000008
0.14,0.16,0.07567999999999997
0.14,0.18,0.07912000000000008
0.14,0.2,0.08256000000000008
0.14,0.22,0.08600000000000008
0.14,0.24,0.08944000000000007
0.14,0.26,0.09288000000000007
0.14,0.28,0.09632000000000007
0.14,0.3,0.09975999999999996
0.14,0.32,0.10319999999999996
0.14,0.34,0.10663999999999996
0.14,0.36,0.11007999999999996
0.14,0.38,0.11351999999999995
0.14,0.4,0.11695999999999995
0.14,0.42,0.12039999999999995
0.14,0.44,0.12383999999999995
0.14,0.46,0.12727999999999995
0.14,0.48,0.13071999999999995
0.14,0.5,0.13415999999999995
0.14,0.52,0.13759999999999994
0.14,0.54,0.14103999999999994
0.14,0.56,0.14447999999999994
0.14,0.58,0.14792000000000005
0.14,0.6,0.15136000000000005
0.14,0.62,0.15480000000000005
0.14,0.64,0.15824000000000005
0.14,0.66,0.16168000000000005
0.14,0.68,0.16512000000000004
0.14,0.7000000000000001,0.16856000000000004
0.14,0.72,0.17199999999999993
0.14,0.74,0.17543999999999993
0.14,0.76,0.17887999999999993
0.14,0.78,0.18231999999999993
0.14,0.8,0.18575999999999993
0.16,0.0,0.05376000000000003
0.16,0.02,0.05712000000000006
0.16,0.04,0.06048000000000009
0.16,0.06,0.06384000000000012
0.16,0.08,0.06720000000000015
0.16,0.1,0.07056000000000018
0.16,0.12,0.07391999999999999
0.16,0.14,0.07728000000000002
0.16,0.16,0.08064000000000004
0.16,0.18,0.08400000000000007
0.16,0.2,0.0873600000000001
0.16,0.22,0.09072000000000013
0.16,0.24,0.09408000000000005
0.16,0.26,0.09744000000000008
0.16,0.28,0.10080000000000011
0.16,0.3,0.10416000000000003
0.16,0.32,0.10752000000000006
0.16,0.34,0.11087999999999998
0.16,0.36,0.11424000000000001
0.16,0.38,0.11760000000000004
0.16,0.4,0.12096000000000007
0.16,0.42,0.12431999999999999
0.16,0.44,0.12768000000000002
0.16,0.46,0.13104000000000005
0.16,0.48,0.13440000000000007
0.16,0.5,0.1377600000000001
0.16,0.52,0.14112000000000002
0.16,0.54,0.14448000000000005
0.16,0.56,0.14784000000000008
0.16,0.58,0.1512
0.16,0.6,0.15456000000000003
0.16,0.62,0.15792000000000006
0.16,0.64,0.1612800000000001
0.16,0.66,0.16464000000000012
0.16,0.68,0.16800000000000004
0.16,0.7000000000000001,0.17136000000000007
0.16,0.72,0.17472
0.16,0.74,0.17808000000000002
0.16,0.76,0.18144000000000005
0.16,0.78,0.18479999999999996
0.16,0.8,0.18816
0.18,0.0,0.05903999999999998
0.18,0.02,0.06231999999999993
0.18,0.04,0.0656000000000001
0.18,0.06,0.06888000000000005
0.18,0.08,0.07216
0.18,0.1,0.07543999999999995
0.18,0.12,0.07872000000000012
0.18,0.14,0.08200000000000007
0.18,0.16,0.08528000000000002
0.18,0.18,0.08855999999999997
0.18,0.2,0.09184000000000014
0.18,0.22,0.0951200000000001
0.18,0.24,0.09840000000000004
0.18,0.26,0.1016800000000001
0.18,0.28,0.10496000000000005
0.18,0.3,0.10824
0.18,0.32,0.11151999999999995
0.18,0.34,0.11480000000000001
0.18,0.36,0.11807999999999996
0.18,0.38,0.12136000000000002
0.18,0.4,0.12463999999999997
0.18,0.42,0.12792000000000003
0.18,0.44,0.13119999999999998
0.18,0.46,0.13448000000000004
0.18,0.48,0.13776
0.18,0.5,0.14104000000000005
0.18,0.52,0.14432
0.18,0.54,0.14759999999999995
0.18,0.56,0.15088000000000001
0.18,0.58,0.15416000000000007
0.18,0.6,0.15744000000000002
0.18,0.62,0.16071999999999997
0.18,0.64,0.16400000000000003
0.18,0.66,0.16727999999999998
0.18,0.68,0.17056000000000004
0.18,0.7000000000000001,0.17384
0.18,0.72,0.17711999999999994
0.18,0.74,0.1803999999999999
0.18,0.76,0.18367999999999995
0.18,0.78,0.18696000000000002
0.18,0.8,0.19023999999999996
0.2,0.0,0.06400000000000006
0.2,0.02,0.06720000000000015
0.2,0.04,0.07040000000000002
0.2,0.06,0.07360000000000011
0.2,0.08,0.0768000000000002
0.2,0.1,0.08000000000000007
0.2,0.12,0.08320000000000016
0.2,0.14,0.08640000000000003
0.2,0.16,0.08960000000000012
0.2,0.18,0.09280000000000022
0.2,0.2,0.09600000000000009
0.2,0.22,0.09920000000000018
0.2,0.24,0.10240000000000005
0.2,0.26,0.10560000000000014
0.2,0.28,0.10880000000000012
0.2,0.3,0.1120000000000001
0.2,0.32,0.11520000000000008
0.2,0.34,0.11840000000000006
0.2,0.36,0.12160000000000004
0.2,0.38,0.12480000000000002
0.2,0.4,0.1280000000000001
0.2,0.42,0.1312000000000001
0.2,0.44,0.13440000000000007
0.2,0.46,0.13760000000000006
0.2,0.48,0.14080000000000004
0.2,0.5,0.14400000000000013
0.2,0.52,0.1472000000000001
0.2,0.54,0.1504000000000001
0.2,0.56,0.15360000000000007
0.2,0.58,0.15680000000000005
0.2,0.6,0.16000000000000014
0.2,0.62,0.16320000000000012
0.2,0.64,0.1664000000000001
0.2,0.66,0.16960000000000008
0.2,0.68,0.17280000000000006
0.2,0.7000000000000001,0.17600000000000016
0.2,0.72,0.17920000000000003
0.2,0.74,0.1824
0.2,0.76,0.1856
0.2,0.78,0.18880000000000008
0.2,0.8,0.19200000000000006
0.22,0.0,0.06864000000000003
0.22,0.02,0.07176000000000005
0.22,0.04,0.07488000000000006
0.22,0.06,0.07800000000000007
0.22,0.08,0.08112000000000008
0.22,0.1,0.08424000000000009
0.22,0.12,0.0873600000000001
0.22,0.14,0.09048000000000012
0.22,0.16,0.09360000000000013
0.22,0.18,0.09672000000000014
0.22,0.2,0.09984000000000015
0.22,0.22,0.10296000000000016
0.22,0.24,0.10608000000000017
0.22,0.26,0.10920000000000019
0.22,0.28,0.1123200000000002
0.22,0.3,0.11543999999999999
0.22,0.32,0.11856
0.22,0.34,0.12168000000000001
0.22,0.36,0.12480000000000002
0.22,0.38,0.12792000000000003
0.22,0.4,0.13104000000000005
0.22,0.42,0.13416000000000006
0.22,0.44,0.13728000000000007
0.22,0.46,0.14040000000000008
0.22,0.48,0.1435200000000001
0.22,0.5,0.1466400000000001
0.22,0.52,0.14976000000000012
0.22,0.54,0.15288000000000013
0.22,0.56,0.15600000000000003
0.22,0.58,0.15912000000000004
0.22,0.6,0.16224000000000005
0.22,0.62,0.16536000000000006
0.22,0.64,0.16848000000000007
0.22,0.66,0.17160000000000009
0.22,0.68,0.1747200000000001
0.22,0.7000000000000001,0.1778400000000001
0.22,0.72,0.18096
0.22,0.74,0.18408000000000002
0.22,0.76,0.18720000000000003
0.22,0.78,0.19032000000000004
0.22,0.8,0.19344000000000006
0.24,0.0,0.07295999999999991
0.24,0.02,0.07600000000000007
0.24,0.04,0.07904
0.24,0.06,0.08207999999999993
0.24,0.08,0.08512000000000008
0.24,0.1,0.08816000000000002
0.24,0.12,0.09119999999999995
0.24,0.14,0.09423999999999988
0.24,0.16,0.09728000000000003
0.24,0.18,0.10031999999999996
0.24,0.2,0.1033599999999999
0.24,0.22,0.10640000000000005
0.24,0.24,0.10943999999999998
0.24,0.26,0.11247999999999991
0.24,0.28,0.11552000000000007
0.24,0.3,0.11856
0.24,0.32,0.12159999999999993
0.24,0.34,0.12463999999999997
0.24,0.36,0.1276799999999999
0.24,0.38,0.13071999999999995
0.24,0.4,0.13375999999999988
0.24,0.42,0.13679999999999992
0.24,0.44,0.13983999999999996
0.24,0.46,0.1428799999999999
0.24,0.48,0.14591999999999994
0.24,0.5,0.14895999999999998
0.24,0.52,0.1519999999999999
0.24,0.54,0.15503999999999996
0.24,0.56,0.15808
0.24,0.58,0.16111999999999993
0.24,0.6,0.16415999999999997
0.24,0.62,0.16720000000000002
0.24,0.64,0.17023999999999995
0.24,0.66,0.17328
0.24,0.68,0.17632000000000003
0.24,0.7000000000000001,0.17935999999999996
0.24,0.72,0.1823999999999999
0.24,0.74,0.18543999999999994
0.24,0.76,0.18847999999999987
0.24,0.78,0.1915199999999999
0.24,0.8,0.19455999999999996
0.26,0.0,0.07695999999999992
0.26,0.02,0.07991999999999999
0.26,0.04,0.08288000000000006
0.26,0.06,0.08583999999999992
0.26,0.08,0.08879999999999999
0.26,0.1,0.09176000000000006
0.26,0.12,0.09471999999999992
0.26,0.14,0.09767999999999999
0.26,0.16,0.10064000000000006
0.26,0.18,0.10359999999999991
0.26,0.2,0.10655999999999999
0.26,0.22,0.10952000000000006
0.26,0.24,0.11247999999999991
0.26,0.26,0.11543999999999999
0.26,0.28,0.11840000000000006
0.26,0.3,0.12135999999999991
0.26,0.32,0.12431999999999999
0.26,0.34,0.12727999999999984
0.26,0.36,0.1302399999999999
0.26,0.38,0.13319999999999999
0.26,0.4,0.13615999999999995
0.26,0.42,0.1391199999999999
0.26,0.44,0.14207999999999998
0.26,0.46,0.14503999999999995
0.26,0.48,0.1479999999999999
0.26,0.5,0.15095999999999998
0.26,0.52,0.15391999999999995
0.26,0.54,0.1568799999999999
0.26,0.56,0.15983999999999998
0.26,0.58,0.16279999999999994
0.26,0.6,0.1657599999999999
0.26,0.62,0.16871999999999998
0.26,0.64,0.17167999999999994
0.26,0.66,0.17464000000000002
0.26,0.68,0.17759999999999998
0.26,0.7000000000000001,0.18055999999999994
0.26,0.72,0.1835199999999999
0.26,0.74,0.18647999999999987
0.26,0.76,0.18943999999999994
0.26,0.78,0.1923999999999999
0.26,0.8,0.19535999999999987
0.28,0.0,0.08064000000000004
0.28,0.02,0.08352000000000004
0.28,0.04,0.08640000000000003
0.28,0.06,0.08928000000000003
0.28,0.08,0.09216000000000002
0.28,0.1,0.09504000000000001
0.28,0.12,0.09792000000000001
0.28,0.14,0.10080000000000022
0.28,0.16,0.10368000000000022
0.28,0.18,0.10656000000000021
0.28,0.2,0.1094400000000002
0.28,0.22,0.1123200000000002
0.28,0.24,0.11520000000000019
0.28,0.26,0.11808000000000018
0.28,0.28,0.12096000000000018
0.28,0.3,0.12384000000000017
0.28,0.32,0.12671999999999994
0.28,0.34,0.12960000000000016
0.28,0.36,0.13248000000000015
0.28,0.38,0.13536000000000015
0.28,0.4,0.13824000000000003
0.28,0.42,0.14112000000000013
0.28,0.44,0.14400000000000013
0.28,0.46,0.14688000000000012
0.28,0.48,0.14976000000000012
0.28,0.5,0.1526400000000001
0.28,0.52,0.1555200000000001
0.28,0.54,0.1584000000000001
0.28,0.56,0.1612800000000001
0.28,0.58,0.16416000000000008
0.28,0.6,0.16704000000000008
0.28,0.62,0.16992000000000007
0.28,0.64,0.17280000000000006
0.28,0.66,0.17568000000000006
0.28,0.68,0.17856000000000005
0.28,0.7000000000000001,0.18144000000000005
0.28,0.72,0.18432000000000004
0.28,0.74,0.18720000000000003
0.28,0.76,0.19008000000000003
0.28,0.78,0.19296000000000002
0.28,0.8,0.19584000000000001
0.3,0.0,0.08399999999999985
0.3,0.02,0.08679999999999999
0.3,0.04,0.0895999999999999
0.3,0.06,0.09239999999999982
0.3,0.08,0.09519999999999995
0.3,0.1,0.09799999999999986
0.3,0.12,0.1008
0.3,0.14,0.10359999999999991
0.3,0.16,0.10640000000000005
0.3,0.18,0.10919999999999996
0.3,0.2,0.11199999999999988
0.3,0.22,0.11480000000000001
0.3,0.24,0.11759999999999993
0.3,0.26,0.12039999999999984
0.3,0.28,0.12319999999999998
0.3,0.3,0.1259999999999999
0.3,0.32,0.1287999999999998
0.3,0.34,0.13159999999999994
0.3,0.36,0.13439999999999985
0.3,0.38,0.1372
0.3,0.4,0.1399999999999999
0.3,0.42,0.14279999999999982
0.3,0.44,0.14559999999999995
0.3,0.46,0.14839999999999987
0.3,0.48,0.1511999999999999
0.3,0.5,0.15399999999999991
0.3,0.52,0.15679999999999994
0.3,0.54,0.15959999999999996
0.3,0.56,0.16239999999999988
0.3,0.58,0.1651999999999999
0.3,0.6,0.16799999999999993
0.3,0.62,0.17079999999999995
0.3,0.64,0.17359999999999998
0.3,0.66,0.1763999999999999
0.3,0.68,0.17919999999999991
0.3,0.7000000000000001,0.18199999999999994
0.3,0.72,0.18479999999999985
0.3,0.74,0.18759999999999988
0.3,0.76,0.1903999999999999
0.3,0.78,0.19319999999999982
0.3,0.8,0.19599999999999984
0.32,0.0,0.08703999999999978
0.32,0.02,0.08975999999999984
0.32,0.04,0.0924799999999999
0.32,0.06,0.09519999999999995
0.32,0.08,0.09791999999999978
0.32,0.1,0.10063999999999984
0.32,0.12,0.1033599999999999
0.32,0.14,0.10607999999999995
0.32,0.16,0.10879999999999979
0.32,0.18,0.11151999999999984
0.32,0.2,0.1142399999999999
0.32,0.22,0.11695999999999995
0.32,0.24,0.11967999999999979
0.32,0.26,0.12239999999999984
0.32,0.28,0.1251199999999999
0.32,0.3,0.12783999999999973
0.32,0.32,0.1305599999999998
0.32,0.34,0.13327999999999984
0.32,0.36,0.1359999999999999
0.32,0.38,0.13871999999999973
0.32,0.4,0.1414399999999998
0.32,0.42,0.14415999999999984
0.32,0.44,0.1468799999999999
0.32,0.46,0.14959999999999973
0.32,0.48,0.1523199999999998
0.32,0.5,0.15503999999999984
0.32,0.52,0.1577599999999999
0.32,0.54,0.16047999999999984
0.32,0.56,0.1631999999999998
0.32,0.58,0.16591999999999985
0.32,0.6,0.1686399999999999
0.32,0.62,0.17135999999999985
0.32,0.64,0.1740799999999999
0.32,0.66,0.17679999999999985
0.32,0.68,0.1795199999999999
0.32,0.7000000000000001,0.18223999999999985
0.32,0.72,0.1849599999999998
0.32,0.74,0.18767999999999985
0.32,0.76,0.1903999999999998
0.32,0.78,0.19311999999999974
0.32,0.8,0.1958399999999998
0.34,0.0,0.08975999999999984
0.34,0.02,0.09239999999999982
0.34,0.04,0.09504000000000001
0.34,0.06,0.09767999999999999
0.34,0.08,0.10031999999999996
0.34,0.1,0.10295999999999994
0.34,0.12,0.10559999999999992
0.34,0.14,0.10823999999999989
0.34,0.16,0.11087999999999987
0.34,0.18,0.11351999999999984
0.34,0.2,0.11616000000000004
0.34,0.22,0.11880000000000002
0.34,0.24,0.12143999999999999
0.34,0.26,0.12407999999999997
0.34,0.28,0.12671999999999994
0.34,0.3,0.12935999999999992
0.34,0.32,0.1319999999999999
0.34,0.34,0.13463999999999987
0.34,0.36,0.13727999999999985
0.34,0.38,0.13991999999999982
0.34,0.4,0.1425599999999998
0.34,0.42,0.14519999999999977
0.34,0.44,0.14783999999999997
0.34,0.46,0.15047999999999995
0.34,0.48,0.15311999999999992
0.34,0.5,0.1557599999999999
0.34,0.52,0.15839999999999987
0.34,0.54,0.16103999999999985
0.34,0.56,0.16367999999999994
0.34,0.58,0.1663199999999999
0.34,0.6,0.1689599999999999
0.34,0.62,0.17159999999999986
0.34,0.64,0.17423999999999995
0.34,0.66,0.17687999999999993
0.34,0.68,0.1795199999999999
0.34,0.7000000000000001,0.18215999999999988
0.34,0.72,0.18479999999999985
0.34,0.74,0.18743999999999983
0.34,0.76,0.1900799999999998
0.34,0.78,0.1927199999999999
0.34,0.8,0.19535999999999987
0.36,0.0,0.0921599999999998
0.36,0.02,0.09471999999999992
0.36,0.04,0.09727999999999981
0.36,0.06,0.09983999999999993
0.36,0.08,0.10239999999999982
0.36,0.1,0.10495999999999994
0.36,0.12,0.10751999999999984
0.36,0.14,0.11007999999999996
0.36,0.16,0.11263999999999985
0.36,0.18,0.11519999999999997
0.36,0.2,0.11775999999999986
0.36,0.22,0.12031999999999998
0.36,0.24,0.12287999999999988
0.36,0.26,0.12544
0.36,0.28,0.1279999999999999
0.36,0.3,0.1305599999999998
0.36,0.32,0.1331199999999999
0.36,0.34,0.1356799999999998
0.36,0.36,0.13823999999999992
0.36,0.38,0.14079999999999981
0.36,0.4,0.14335999999999993
0.36,0.42,0.14591999999999983
0.36,0.44,0.14847999999999995
0.36,0.46,0.15103999999999984
0.36,0.48,0.15359999999999996
0.36,0.5,0.15615999999999985
0.36,0.52,0.15871999999999997
0.36,0.54,0.16127999999999987
0.36,0.56,0.16383999999999999
0.36,0.58,0.16639999999999988
0.36,0.6,0.1689599999999999
0.36,0.62,0.1715199999999999
0.36,0.64,0.1740799999999999
0.36,0.66,0.1766399999999999
0.36,0.68,0.17919999999999991
0.36,0.7000000000000001,0.18175999999999992
0.36,0.72,0.18431999999999982
0.36,0.74,0.18687999999999982
0.36,0.76,0.18943999999999983
0.36,0.78,0.19199999999999984
0.36,0.8,0.19455999999999984
0.38,0.0,0.09423999999999988
0.38,0.02,0.09671999999999992
0.38,0.04,0.09919999999999995
0.38,0.06,0.10167999999999999
0.38,0.08,0.10416000000000003
0.38,0.1,0.10664000000000007
0.38,0.12,0.10911999999999988
0.38,0.14,0.11159999999999992
0.38,0.16,0.11407999999999996
0.38,0.18,0.11656
0.38,0.2,0.11904000000000003
0.38,0.22,0.12152000000000007
0.38,0.24,0.12399999999999989
0.38,0.26,0.12647999999999993
0.38,0.28,0.12895999999999996
0.38,0.3,0.13144
0.38,0.32,0.13392000000000004
0.38,0.34,0.13639999999999985
0.38,0.36,0.1388799999999999
0.38,0.38,0.14135999999999993
0.38,0.4,0.14383999999999997
0.38,0.42,0.14632
0.38,0.44,0.14880000000000004
0.38,0.46,0.15127999999999986
0.38,0.48,0.1537599999999999
0.38,0.5,0.15623999999999993
0.38,0.52,0.15871999999999997
0.38,0.54,0.1612
0.38,0.56,0.16368000000000005
0.38,0.58,0.16615999999999986
0.38,0.6,0.1686399999999999
0.38,0.62,0.17111999999999994
0.38,0.64,0.17359999999999998
0.38,0.66,0.17608000000000001
0.38,0.68,0.17855999999999994
0.38,0.7000000000000001,0.18103999999999998
0.38,0.72,0.1835199999999999
0.38,0.74,0.18599999999999994
0.38,0.76,0.18847999999999987
0.38,0.78,0.1909599999999999
0.38,0.8,0.19343999999999995
0.4,0.0,0.09599999999999986
0.4,0.02,0.09840000000000004
0.4,0.04,0.1008
0.4,0.06,0.10319999999999996
0.4,0.08,0.10559999999999992
0.4,0.1,0.10799999999999987
0.4,0.12,0.11040000000000005
0.4,0.14,0.11280000000000001
0.4,0.16,0.11519999999999997
0.4,0.18,0.11759999999999993
0.4,0.2,0.11999999999999988
0.4,0.22,0.12240000000000006
0.4,0.24,0.12480000000000002
0.4,0.26,0.12719999999999998
0.4,0.28,0.12959999999999994
0.4,0.3,0.1319999999999999
0.4,0.32,0.13439999999999985
0.4,0.34,0.1367999999999998
0.4,0.36,0.1392
0.4,0.38,0.14159999999999995
0.4,0.4,0.1439999999999999
0.4,0.42,0.14639999999999986
0.4,0.44,0.14879999999999982
0.4,0.46,0.1512
0.4,0.48,0.15359999999999996
0.4,0.5,0.15599999999999992
0.4,0.52,0.15839999999999987
0.4,0.54,0.16079999999999983
0.4,0.56,0.1632
0.4,0.58,0.16559999999999997
0.4,0.6,0.16799999999999993
0.4,0.62,0.17039999999999988
0.4,0.64,0.17279999999999984
0.4,0.66,0.17520000000000002
0.4,0.68,0.17759999999999998
0.4,0.7000000000000001,0.17999999999999994
0.4,0.72,0.1823999999999999
0.4,0.74,0.18479999999999985
0.4,0.76,0.18719999999999992
0.4,0.78,0.18959999999999988
0.4,0.8,0.19199999999999995
0.42,0.0,0.09743999999999997
0.42,0.02,0.09976000000000007
0.42,0.04,0.10208000000000017
0.42,0.06,0.10440000000000005
0.42,0.08,0.10672000000000015
0.42,0.1,0.10904000000000003
0.42,0.12,0.11136000000000013
0.42,0.14,0.11368
0.42,0.16,0.1160000000000001
0.42,0.18,0.11831999999999998
0.42,0.2,0.12064000000000008
0.42,0.22,0.12296000000000018
0.42,0.24,0.12528000000000006
0.42,0.26,0.12760000000000016
0.42,0.28,0.12992000000000004
0.42,0.3,0.13224000000000014
0.42,0.32,0.13456
0.42,0.34,0.1368800000000001
0.42,0.36,0.1392
0.42,0.38,0.1415200000000001
0.42,0.4,0.14383999999999997
0.42,0.42,0.14616000000000007
0.42,0.44,0.14847999999999995
0.42,0.46,0.15080000000000005
0.42,0.48,0.15312000000000014
0.42,0.5,0.15544000000000002
0.42,0.52,0.15776000000000012
0.42,0.54,0.16008
0.42,0.56,0.1624000000000001
0.42,0.58,0.16471999999999998
0.42,0.6,0.16704000000000008
0.42,0.62,0.16935999999999996
0.42,0.64,0.17168000000000005
0.42,0.66,0.17400000000000015
0.42,0.68,0.17632000000000003
0.42,0.7000000000000001,0.17864000000000013
0.42,0.72,0.18096
0.42,0.74,0.18328
0.42,0.76,0.1856
0.42,0.78,0.1879200000000001
0.42,0.8,0.19023999999999996
0.44,0.0,0.09855999999999976
0.44,0.02,0.10079999999999978
0.44,0.04,0.1030399999999998
0.44,0.06,0.10527999999999982
0.44,0.08,0.10751999999999984
0.44,0.1,0.10975999999999986
0.44,0.12,0.11199999999999988
0.44,0.14,0.1142399999999999
0.44,0.16,0.11647999999999992
0.44,0.18,0.11871999999999994
0.44,0.2,0.12095999999999996
0.44,0.22,0.12319999999999998
0.44,0.24,0.12544
0.44,0.26,0.1276799999999998
0.44,0.28,0.1299199999999998
0.44,0.3,0.13215999999999983
0.44,0.32,0.13439999999999985
0.44,0.34,0.13663999999999987
0.44,0.36,0.1388799999999999
0.44,0.38,0.1411199999999999
0.44,0.4,0.14335999999999993
0.44,0.42,0.14559999999999973
0.44,0.44,0.14783999999999975
0.44,0.46,0.15007999999999977
0.44,0.48,0.1523199999999998
0.44,0.5,0.1545599999999998
0.44,0.52,0.15679999999999983
0.44,0.54,0.15903999999999985
0.44,0.56,0.16127999999999987
0.44,0.58,0.1635199999999999
0.44,0.6,0.1657599999999999
0.44,0.62,0.16799999999999993
0.44,0.64,0.17023999999999995
0.44,0.66,0.17247999999999997
0.44,0.68,0.17471999999999976
0.44,0.7000000000000001,0.17695999999999978
0.44,0.72,0.1791999999999998
0.44,0.74,0.18143999999999982
0.44,0.76,0.18367999999999984
0.44,0.78,0.18591999999999986
0.44,0.8,0.18815999999999977
0.46,0.0,0.09935999999999989
0.46,0.02,0.10152000000000005
0.46,0.04,0.10368
0.46,0.06,0.10583999999999993
0.46,0.08,0.1080000000000001
0.46,0.1,0.11016000000000004
0.46,0.12,0.11231999999999998
0.46,0.14,0.11447999999999992
0.46,0.16,0.11664000000000008
0.46,0.18,0.11880000000000002
0.46,0.2,0.12095999999999996
0.46,0.22,0.12312000000000012
0.46,0.24,0.12528000000000006
0.46,0.26,0.12744
0.46,0.28,0.12959999999999994
0.46,0.3,0.13175999999999988
0.46,0.32,0.13392000000000004
0.46,0.34,0.13607999999999998
0.46,0.36,0.13823999999999992
0.46,0.38,0.14040000000000008
0.46,0.4,0.14256000000000002
0.46,0.42,0.14471999999999996
0.46,0.44,0.1468799999999999
0.46,0.46,0.14904000000000006
0.46,0.48,0.1512
0.46,0.5,0.15335999999999994
0.46,0.52,0.1555200000000001
0.46,0.54,0.15768000000000004
0.46,0.56,0.15983999999999998
0.46,0.58,0.16199999999999992
0.46,0.6,0.16415999999999986
0.46,0.62,0.16632000000000002
0.46,0.64,0.16847999999999996
0.46,0.66,0.1706399999999999
0.46,0.68,0.17280000000000006
0.46,0.7000000000000001,0.17496
0.46,0.72,0.17711999999999994
0.46,0.74,0.17927999999999988
0.46,0.76,0.18143999999999982
0.46,0.78,0.18359999999999999
0.46,0.8,0.18575999999999993
0.48,0.0,0.09983999999999993
0.48,0.02,0.10192000000000001
0.48,0.04,0.10400000000000009
0.48,0.06,0.10607999999999995
0.48,0.08,0.10816000000000003
0.48,0.1,0.11024000000000012
0.48,0.12,0.11231999999999998
0.48,0.14,0.11440000000000006
0.48,0.16,0.11648000000000014
0.48,0.18,0.11856
0.48,0.2,0.12064000000000008
0.48,0.22,0.12272000000000016
0.48,0.24,0.12480000000000002
0.48,0.26,0.1268800000000001
0.48,0.28,0.12895999999999996
0.48,0.3,0.13104000000000005
0.48,0.32,0.1331199999999999
0.48,0.34,0.1352
0.48,0.36,0.13728000000000007
0.48,0.38,0.13935999999999993
0.48,0.4,0.14144
0.48,0.42,0.1435200000000001
0.48,0.44,0.14559999999999995
0.48,0.46,0.14768000000000003
0.48,0.48,0.14976000000000012
0.48,0.5,0.15183999999999997
0.48,0.52,0.15392000000000006
0.48,0.54,0.15600000000000014
0.48,0.56,0.15808
0.48,0.58,0.16016000000000008
0.48,0.6,0.16224000000000016
0.48,0.62,0.16432000000000002
0.48,0.64,0.1664000000000001
0.48,0.66,0.16847999999999996
0.48,0.68,0.17056000000000004
0.48,0.7000000000000001,0.17264000000000013
0.48,0.72,0.17472
0.48,0.74,0.17680000000000007
0.48,0.76,0.17887999999999993
0.48,0.78,0.18096
0.48,0.8,0.1830400000000001
0.5,0.0,0.09999999999999987
0.5,0.02,0.10200000000000009
0.5,0.04,0.10399999999999987
0.5,0.06,0.1060000000000001
0.5,0.08,0.10799999999999987
0.5,0.1,0.1100000000000001
0.5,0.12,0.11199999999999988
0.5,0.14,0.1140000000000001
0.5,0.16,0.11599999999999988
0.5,0.18,0.1180000000000001
0.5,0.2,0.11999999999999988
0.5,0.22,0.12200000000000011
0.5,0.24,0.12399999999999989
0.5,0.26,0.1260000000000001
0.5,0.28,0.1279999999999999
0.5,0.3,0.1299999999999999
0.5,0.32,0.1319999999999999
0.5,0.34,0.1339999999999999
0.5,0.36,0.1359999999999999
0.5,0.38,0.1379999999999999
0.5,0.4,0.1399999999999999
0.5,0.42,0.1419999999999999
0.5,0.44,0.1439999999999999
0.5,0.46,0.1459999999999999
0.5,0.48,0.1479999999999999
0.5,0.5,0.1499999999999999
0.5,0.52,0.1519999999999999
0.5,0.54,0.15399999999999991
0.5,0.56,0.15599999999999992
0.5,0.58,0.15799999999999992
0.5,0.6,0.15999999999999992
0.5,0.62,0.16199999999999992
0.5,0.64,0.16399999999999992
0.5,0.66,0.16599999999999993
0.5,0.68,0.16799999999999993
0.5,0.7000000000000001,0.16999999999999993
0.5,0.72,0.17199999999999993
0.5,0.74,0.17399999999999993
0.5,0.76,0.17599999999999993
0.5,0.78,0.17799999999999994
0.5,0.8,0.17999999999999994
0.52,0.0,0.10399999999999987
0.52,0.02,0.10576000000000008
0.52,0.04,0.10751999999999984
0.52,0.06,0.10928000000000004
0.52,0.08,0.11104000000000003
0.52,0.1,0.11280000000000001
0.52,0.12,0.11456
0.52,0.14,0.11631999999999998
0.52,0.16,0.11807999999999996
0.52,0.18,0.11983999999999995
0.52,0.2,0.12159999999999993
0.52,0.22,0.12336000000000014
0.52,0.24,0.12512000000000012
0.52,0.26,0.12687999999999988
0.52,0.28,0.1286400000000001
0.52,0.3,0.13040000000000007
0.52,0.32,0.13216000000000006
0.52,0.34,0.13391999999999982
0.52,0.36,0.13568000000000002
0.52,0.38,0.13744
0.52,0.4,0.1392
0.52,0.42,0.14095999999999997
0.52,0.44,0.14271999999999996
0.52,0.46,0.14448000000000016
0.52,0.48,0.14623999999999993
0.52,0.5,0.1479999999999999
0.52,0.52,0.14976000000000012
0.52,0.54,0.15151999999999988
0.52,0.56,0.15327999999999986
0.52,0.58,0.15504000000000007
0.52,0.6,0.15680000000000005
0.52,0.62,0.1585599999999998
0.52,0.64,0.16032000000000002
0.52,0.66,0.16208
0.52,0.68,0.16383999999999976
0.52,0.7000000000000001,0.16559999999999997
0.52,0.72,0.16735999999999995
0.52,0.74,0.16911999999999994
0.52,0.76,0.17087999999999992
0.52,0.78,0.1726399999999999
0.52,0.8,0.1743999999999999
0.54,0.0,0.10799999999999987
0.54,0.02,0.10951999999999984
0.54,0.04,0.11104000000000003
0.54,0.06,0.11256
0.54,0.08,0.11407999999999996
0.54,0.1,0.11559999999999993
0.54,0.12,0.11712000000000011
0.54,0.14,0.11864000000000008
0.54,0.16,0.12016000000000004
0.54,0.18,0.12168000000000001
0.54,0.2,0.12319999999999998
0.54,0.22,0.12471999999999994
0.54,0.24,0.1262399999999999
0.54,0.26,0.1277600000000001
0.54,0.28,0.12928000000000006
0.54,0.3,0.13080000000000003
0.54,0.32,0.13232
0.54,0.34,0.13383999999999996
0.54,0.36,0.13535999999999992
0.54,0.38,0.1368799999999999
0.54,0.4,0.13840000000000008
0.54,0.42,0.13991999999999982
0.54,0.44,0.14144
0.54,0.46,0.14295999999999998
0.54,0.48,0.14448000000000016
0.54,0.5,0.1459999999999999
0.54,0.52,0.14751999999999987
0.54,0.54,0.14904000000000006
0.54,0.56,0.1505599999999998
0.54,0.58,0.15208
0.54,0.6,0.15359999999999996
0.54,0.62,0.15512000000000015
0.54,0.64,0.1566399999999999
0.54,0.66,0.15816000000000008
0.54,0.68,0.15968000000000004
0.54,0.7000000000000001,0.1611999999999998
0.54,0.72,0.16271999999999998
0.54,0.74,0.16423999999999994
0.54,0.76,0.1657599999999999
0.54,0.78,0.16727999999999987
0.54,0.8,0.16880000000000006
0.56,0.0,0.11199999999999988
0.56,0.02,0.11328000000000005
0.56,0.04,0.11456
0.56,0.06,0.11583999999999994
0.56,0.08,0.11712000000000011
0.56,0.1,0.11840000000000006
0.56,0.12,0.11968000000000001
0.56,0.14,0.12095999999999996
0.56,0.16,0.1222399999999999
0.56,0.18,0.12351999999999985
0.56,0.2,0.12480000000000002
0.56,0.22,0.12607999999999997
0.56,0.24,0.12736000000000014
0.56,0.26,0.1286400000000001
0.56,0.28,0.12992000000000004
0.56,0.3,0.13119999999999998
0.56,0.32,0.13248000000000015
0.56,0.34,0.1337600000000001
0.56,0.36,0.13504000000000005
0.56,0.38,0.13632
0.56,0.4,0.13759999999999994
0.56,0.42,0.1388799999999999
0.56,0.44,0.14016000000000006
0.56,0.46,0.14144
0.56,0.48,0.14271999999999996
0.56,0.5,0.1439999999999999
0.56,0.52,0.14527999999999985
0.56,0.54,0.1465599999999998
0.56,0.56,0.14783999999999975
0.56,0.58,0.14912000000000014
0.56,0.6,0.1504000000000001
0.56,0.62,0.15168000000000004
0.56,0.64,0.15295999999999998
0.56,0.66,0.15423999999999993
0.56,0.68,0.15551999999999988
0.56,0.7000000000000001,0.15680000000000005
0.56,0.72,0.15808
0.56,0.74,0.15935999999999995
0.56,0.76,0.1606399999999999
0.56,0.78,0.16191999999999984
0.56,0.8,0.1631999999999998
0.58,0.0,0.1160000000000001
0.58,0.02,0.11704000000000003
0.58,0.04,0.11808000000000018
0.58,0.06,0.11912000000000011
0.58,0.08,0.12016000000000004
0.58,0.1,0.12119999999999997
0.58,0.12,0.1222399999999999
0.58,0.14,0.12328000000000006
0.58,0.16,0.12431999999999999
0.58,0.18,0.12536000000000014
0.58,0.2,0.12640000000000007
0.58,0.22,0.12744000000000022
0.58,0.24,0.12848000000000015
0.58,0.26,0.12951999999999986
0.58,0.28,0.13056
0.58,0.3,0.13159999999999994
0.58,0.32,0.1326400000000001
0.58,0.34,0.13368000000000002
0.58,0.36,0.13471999999999995
0.58,0.38,0.1357600000000001
0.58,0.4,0.13680000000000003
0.58,0.42,0.13783999999999996
0.58,0.44,0.1388799999999999
0.58,0.46,0.13991999999999982
0.58,0.48,0.14095999999999997
0.58,0.5,0.1419999999999999
0.58,0.52,0.14304000000000006
0.58,0.54,0.14407999999999999
0.58,0.56,0.14512000000000014
0.58,0.58,0.14616000000000007
0.58,0.6,0.1472
0.58,0.62,0.14823999999999993
0.58,0.64,0.14927999999999986
0.58,0.66,0.15032
0.58,0.68,0.15135999999999994
0.58,0.7000000000000001,0.1524000000000001
0.58,0.72,0.15344000000000002
0.58,0.74,0.15447999999999995
0.58,0.76,0.15551999999999988
0.58,0.78,0.1565599999999998
0.58,0.8,0.15759999999999996
0.6,0.0,0.1200000000000001
0.6,0.02,0.12080000000000002
0.6,0.04,0.12159999999999993
0.6,0.06,0.12240000000000006
0.6,0.08,0.12319999999999998
0.6,0.1,0.12400000000000011
0.6,0.12,0.12480000000000002
0.6,0.14,0.12559999999999993
0.6,0.16,0.12640000000000007
0.6,0.18,0.12719999999999998
0.6,0.2,0.1280000000000001
0.6,0.22,0.12880000000000003
0.6,0.24,0.12959999999999994
0.6,0.26,0.13040000000000007
0.6,0.28,0.13119999999999998
0.6,0.3,0.1319999999999999
0.6,0.32,0.13280000000000003
0.6,0.34,0.13359999999999994
0.6,0.36,0.13440000000000007
0.6,0.38,0.1352
0.6,0.4,0.1359999999999999
0.6,0.42,0.13680000000000003
0.6,0.44,0.13759999999999994
0.6,0.46,0.13840000000000008
0.6,0.48,0.1392
0.6,0.5,0.1399999999999999
0.6,0.52,0.14080000000000004
0.6,0.54,0.14159999999999995
0.6,0.56,0.14240000000000008
0.6,0.58,0.1432
0.6,0.6,0.1439999999999999
0.6,0.62,0.14480000000000004
0.6,0.64,0.14559999999999995
0.6,0.66,0.14640000000000009
0.6,0.68,0.1472
0.6,0.7000000000000001,0.1479999999999999
0.6,0.72,0.14880000000000004
0.6,0.74,0.14959999999999996
0.6,0.76,0.1504000000000001
0.6,0.78,0.15119999999999978
0.6,0.8,0.1519999999999999
0.62,0.0,0.12400000000000011
0.62,0.02,0.12456
0.62,0.04,0.12512000000000012
0.62,0.06,0.12568000000000001
0.62,0.08,0.1262399999999999
0.62,0.1,0.12680000000000002
0.62,0.12,0.12736000000000014
0.62,0.14,0.12792000000000003
0.62,0.16,0.12848000000000015
0.62,0.18,0.12904000000000004
0.62,0.2,0.12959999999999994
0.62,0.22,0.13016000000000005
0.62,0.24,0.13071999999999995
0.62,0.26,0.13128000000000006
0.62,0.28,0.13183999999999996
0.62,0.3,0.13240000000000007
0.62,0.32,0.13295999999999997
0.62,0.34,0.13351999999999986
0.62,0.36,0.13407999999999998
0.62,0.38,0.13463999999999987
0.62,0.4,0.1352
0.62,0.42,0.1357600000000001
0.62,0.44,0.13632
0.62,0.46,0.1368799999999999
0.62,0.48,0.13744
0.62,0.5,0.1379999999999999
0.62,0.52,0.13856000000000002
0.62,0.54,0.13912000000000013
0.62,0.56,0.13968000000000003
0.62,0.58,0.14023999999999992
0.62,0.6,0.14080000000000004
0.62,0.62,0.14135999999999993
0.62,0.64,0.14192000000000005
0.62,0.66,0.14248000000000016
0.62,0.68,0.14304000000000006
0.62,0.7000000000000001,0.14359999999999995
0.62,0.72,0.14416000000000007
0.62,0.74,0.14471999999999996
0.62,0.76,0.14527999999999985
0.62,0.78,0.14583999999999997
0.62,0.8,0.14640000000000009
0.64,0.0,0.1280000000000001
0.64,0.02,0.12832
0.64,0.04,0.1286400000000001
0.64,0.06,0.12895999999999996
0.64,0.08,0.12928000000000006
0.64,0.1,0.12959999999999994
0.64,0.12,0.12992000000000004
0.64,0.14,0.1302399999999999
0.64,0.16,0.13056
0.64,0.18,0.13087999999999989
0.64,0.2,0.13119999999999998
0.64,0.22,0.13151999999999986
0.64,0.24,0.13183999999999996
0.64,0.26,0.13216000000000006
0.64,0.28,0.13248000000000015
0.64,0.3,0.13280000000000003
0.64,0.32,0.13312000000000013
0.64,0.34,0.13344
0.64,0.36,0.1337600000000001
0.64,0.38,0.13407999999999998
0.64,0.4,0.13440000000000007
0.64,0.42,0.13471999999999995
0.64,0.44,0.13504000000000005
0.64,0.46,0.13535999999999992
0.64,0.48,0.13568000000000002
0.64,0.5,0.1359999999999999
0.64,0.52,0.13632
0.64,0.54,0.1366400000000001
0.64,0.56,0.13695999999999997
0.64,0.58,0.13727999999999985
0.64,0.6,0.13759999999999994
0.64,0.62,0.13792000000000004
0.64,0.64,0.13823999999999992
0.64,0.66,0.13856000000000002
0.64,0.68,0.1388799999999999
0.64,0.7000000000000001,0.1392
0.64,0.72,0.13951999999999987
0.64,0.74,0.13983999999999974
0.64,0.76,0.14016000000000006
0.64,0.78,0.14048000000000016
0.64,0.8,0.14080000000000004
0.66,0.0,0.13200000000000012
0.66,0.02,0.13207999999999998
0.66,0.04,0.13216000000000006
0.66,0.06,0.1322399999999999
0.66,0.08,0.13232
0.66,0.1,0.13240000000000007
0.66,0.12,0.13248000000000015
0.66,0.14,0.13256
0.66,0.16,0.1326400000000001
0.66,0.18,0.13272000000000017
0.66,0.2,0.13280000000000003
0.66,0.22,0.1328799999999999
0.66,0.24,0.13295999999999997
0.66,0.26,0.13304000000000005
0.66,0.28,0.13312000000000013
0.66,0.3,0.13319999999999999
0.66,0.32,0.13327999999999984
0.66,0.34,0.13335999999999992
0.66,0.36,0.13344
0.66,0.38,0.13351999999999986
0.66,0.4,0.13359999999999994
0.66,0.42,0.13368000000000002
0.66,0.44,0.1337600000000001
0.66,0.46,0.13383999999999996
0.66,0.48,0.13392000000000004
0.66,0.5,0.13400000000000012
0.66,0.52,0.13407999999999998
0.66,0.54,0.13415999999999983
0.66,0.56,0.13423999999999991
0.66,0.58,0.13432
0.66,0.6,0.13440000000000007
0.66,0.62,0.13448000000000015
0.66,0.64,0.13456
0.66,0.66,0.13463999999999987
0.66,0.68,0.13471999999999995
0.66,0.7000000000000001,0.13480000000000003
0.66,0.72,0.1348799999999999
0.66,0.74,0.13495999999999997
0.66,0.76,0.13504000000000005
0.66,0.78,0.13512000000000013
0.66,0.8,0.1352
0.68,0.0,0.13600000000000012
0.68,0.02,0.13583999999999996
0.68,0.04,0.13568000000000002
0.68,0.06,0.13551999999999986
0.68,0.08,0.13536000000000015
0.68,0.1,0.1352
0.68,0.12,0.13504000000000005
0.68,0.14,0.1348799999999999
0.68,0.16,0.13471999999999995
0.68,0.18,0.13456
0.68,0.2,0.13440000000000007
0.68,0.22,0.13423999999999991
0.68,0.24,0.1340800000000002
0.68,0.26,0.13392000000000004
0.68,0.28,0.1337600000000001
0.68,0.3,0.13359999999999994
0.68,0.32,0.13344
0.68,0.34,0.13327999999999984
0.68,0.36,0.13312000000000013
0.68,0.38,0.13295999999999997
0.68,0.4,0.13280000000000003
0.68,0.42,0.1326400000000001
0.68,0.44,0.13248000000000015
0.68,0.46,0.13232
0.68,0.48,0.13216000000000006
0.68,0.5,0.1319999999999999
0.68,0.52,0.13183999999999996
0.68,0.54,0.13168000000000002
0.68,0.56,0.13151999999999986
0.68,0.58,0.13135999999999992
0.68,0.6,0.13119999999999998
0.68,0.62,0.13104000000000005
0.68,0.64,0.13087999999999989
0.68,0.66,0.13071999999999995
0.68,0.68,0.13056
0.68,0.7000000000000001,0.13040000000000007
0.68,0.72,0.1302399999999999
0.68,0.74,0.13007999999999997
0.68,0.76,0.1299199999999998
0.68,0.78,0.1297600000000001
0.68,0.8,0.12959999999999994
0.7000000000000001,0.0,0.14000000000000012
0.7000000000000001,0.02,0.13959999999999995
0.7000000000000001,0.04,0.1392
0.7000000000000001,0.06,0.13880000000000003
0.7000000000000001,0.08,0.13840000000000008
0.7000000000000001,0.1,0.13800000000000012
0.7000000000000001,0.12,0.13759999999999994
0.7000000000000001,0.14,0.1372
0.7000000000000001,0.16,0.13680000000000003
0.7000000000000001,0.18,0.13640000000000008
0.7000000000000001,0.2,0.13600000000000012
0.7000000000000001,0.22,0.13559999999999994
0.7000000000000001,0.24,0.1352
0.7000000000000001,0.26,0.13480000000000003
0.7000000000000001,0.28,0.13440000000000007
0.7000000000000001,0.3,0.13400000000000012
0.7000000000000001,0.32,0.13359999999999994
0.7000000000000001,0.34,0.13319999999999999
0.7000000000000001,0.36,0.13280000000000003
0.7000000000000001,0.38,0.13240000000000007
0.7000000000000001,0.4,0.1319999999999999
0.7000000000000001,0.42,0.13159999999999994
0.7000000000000001,0.44,0.13119999999999998
0.7000000000000001,0.46,0.13080000000000003
0.7000000000000001,0.48,0.13040000000000007
0.7000000000000001,0.5,0.13000000000000012
0.7000000000000001,0.52,0.12959999999999994
0.7000000000000001,0.54,0.12919999999999998
0.7000000000000001,0.56,0.12880000000000003
0.7000000000000001,0.58,0.12840000000000007
0.7000000000000001,0.6,0.1279999999999999
0.7000000000000001,0.62,0.12759999999999994
0.7000000000000001,0.64,0.12719999999999998
0.7000000000000001,0.66,0.12680000000000002
0.7000000000000001,0.68,0.12640000000000007
0.7000000000000001,0.7000000000000001,0.1260000000000001
0.7000000000000001,0.72,0.12559999999999993
0.7000000000000001,0.74,0.12519999999999976
0.7000000000000001,0.76,0.12480000000000002
0.7000000000000001,0.78,0.12440000000000007
0.7000000000000001,0.8,0.12399999999999989
0.72,0.0,0.1439999999999999
0.72,0.02,0.14335999999999993
0.72,0.04,0.14271999999999996
0.72,0.06,0.14207999999999998
0.72,0.08,0.14144
0.72,0.1,0.14080000000000004
0.72,0.12,0.14015999999999984
0.72,0.14,0.1395200000000001
0.72,0.16,0.1388799999999999
0.72,0.18,0.1382399999999997
0.72,0.2,0.13759999999999972
0.72,0.22,0.13695999999999975
0.72,0.24,0.13631999999999977
0.72,0.26,0.1356799999999998
0.72,0.28,0.13503999999999983
0.72,0.3,0.13439999999999985
0.72,0.32,0.13375999999999988
0.72,0.34,0.1331199999999999
0.72,0.36,0.13247999999999993
0.72,0.38,0.13183999999999996
0.72,0.4,0.13119999999999998
0.72,0.42,0.13056
0.72,0.44,0.12992000000000004
0.72,0.46,0.12928000000000006
0.72,0.48,0.1286400000000001
0.72,0.5,0.1279999999999999
0.72,0.52,0.12735999999999992
0.72,0.54,0.12671999999999972
0.72,0.56,0.12607999999999997
0.72,0.58,0.12543999999999977
0.72,0.6,0.1247999999999998
0.72,0.62,0.12415999999999983
0.72,0.64,0.12351999999999985
0.72,0.66,0.12287999999999988
0.72,0.68,0.1222399999999999
0.72,0.7000000000000001,0.12159999999999993
0.72,0.72,0.12095999999999996
0.72,0.74,0.12031999999999998
0.72,0.76,0.11968000000000001
0.72,0.78,0.11904000000000003
0.72,0.8,0.11840000000000006
0.74,0.0,0.1479999999999999
0.74,0.02,0.14711999999999992
0.74,0.04,0.1462399999999997
0.74,0.06,0.14535999999999993
0.74,0.08,0.14447999999999994
0.74,0.1,0.14359999999999973
0.74,0.12,0.14271999999999996
0.74,0.14,0.14183999999999997
0.74,0.16,0.14095999999999975
0.74,0.18,0.14007999999999998
0.74,0.2,0.1392
0.74,0.22,0.13831999999999978
0.74,0.24,0.13744
0.74,0.26,0.13656000000000001
0.74,0.28,0.1356799999999998
0.74,0.3,0.1347999999999998
0.74,0.32,0.13392000000000004
0.74,0.34,0.13303999999999983
0.74,0.36,0.13215999999999983
0.74,0.38,0.13128000000000006
0.74,0.4,0.13039999999999985
0.74,0.42,0.12951999999999986
0.74,0.44,0.1286400000000001
0.74,0.46,0.12775999999999987
0.74,0.48,0.12687999999999988
0.74,0.5,0.1259999999999999
0.74,0.52,0.1251199999999999
0.74,0.54,0.1242399999999999
0.74,0.56,0.12335999999999991
0.74,0.58,0.12247999999999992
0.74,0.6,0.12159999999999993
0.74,0.62,0.12071999999999994
0.74,0.64,0.11983999999999995
0.74,0.66,0.11895999999999995
0.74,0.68,0.11807999999999996
0.74,0.7000000000000001,0.11719999999999997
0.74,0.72,0.11631999999999998
0.74,0.74,0.11543999999999977
0.74,0.76,0.11456
0.74,0.78,0.11368
0.74,0.8,0.11279999999999979
0.76,0.0,0.1519999999999999
0.76,0.02,0.15087999999999968
0.76,0.04,0.1497599999999999
0.76,0.06,0.14863999999999988
0.76,0.08,0.1475200000000001
0.76,0.1,0.14639999999999986
0.76,0.12,0.14527999999999985
0.76,0.14,0.14415999999999984
0.76,0.16,0.14303999999999983
0.76,0.18,0.14191999999999982
0.76,0.2,0.14080000000000004
0.76,0.22,0.1396799999999998
0.76,0.24,0.13856000000000002
0.76,0.26,0.13744
0.76,0.28,0.13631999999999977
0.76,0.3,0.1352
0.76,0.32,0.13407999999999998
0.76,0.34,0.13295999999999975
0.76,0.36,0.13183999999999996
0.76,0.38,0.13071999999999973
0.76,0.4,0.12959999999999994
0.76,0.42,0.12847999999999993
0.76,0.44,0.12735999999999992
0.76,0.46,0.1262399999999999
0.76,0.48,0.1251199999999999
0.76,0.5,0.12399999999999989
0.76,0.52,0.12287999999999988
0.76,0.54,0.12175999999999987
0.76,0.56,0.12064000000000008
0.76,0.58,0.11951999999999985
0.76,0.6,0.11839999999999984
0.76,0.62,0.11728000000000005
0.76,0.64,0.11615999999999982
0.76,0.66,0.11504000000000003
0.76,0.68,0.11392000000000002
0.76,0.7000000000000001,0.11280000000000001
0.76,0.72,0.11168
0.76,0.74,0.11055999999999999
0.76,0.76,0.10943999999999976
0.76,0.78,0.10831999999999997
0.76,0.8,0.10719999999999996
0.78,0.0,0.15599999999999992
0.78,0.02,0.1546399999999999
0.78,0.04,0.15327999999999986
0.78,0.06,0.15191999999999983
0.78,0.08,0.1505599999999998
0.78,0.1,0.14919999999999978
0.78,0.12,0.14783999999999997
0.78,0.14,0.14647999999999994
0.78,0.16,0.14511999999999992
0.78,0.18,0.1437599999999999
0.78,0.2,0.14239999999999986
0.78,0.22,0.14103999999999983
0.78,0.24,0.1396799999999998
0.78,0.26,0.13831999999999978
0.78,0.28,0.13695999999999975
0.78,0.3,0.13559999999999994
0.78,0.32,0.13423999999999991
0.78,0.34,0.1328799999999999
0.78,0.36,0.13151999999999986
0.78,0.38,0.13015999999999983
0.78,0.4,0.1287999999999998
0.78,0.42,0.12744
0.78,0.44,0.12607999999999997
0.78,0.46,0.12471999999999994
0.78,0.48,0.12335999999999991
0.78,0.5,0.12199999999999989
0.78,0.52,0.12064000000000008
0.78,0.54,0.11928000000000005
0.78,0.56,0.11792000000000002
0.78,0.58,0.11656
0.78,0.6,0.11519999999999997
0.78,0.62,0.11383999999999994
0.78,0.64,0.11247999999999991
0.78,0.66,0.11111999999999989
0.78,0.68,0.10975999999999986
0.78,0.7000000000000001,0.10839999999999983
0.78,0.72,0.10704000000000002
0.78,0.74,0.10568
0.78,0.76,0.10431999999999997
0.78,0.78,0.10295999999999994
0.78,0.8,0.10159999999999991
0.8,0.0,0.15999999999999992
0.8,0.02,0.15839999999999987
0.8,0.04,0.15680000000000005
0.8,0.06,0.15519999999999978
0.8,0.08,0.15359999999999974
0.8,0.1,0.1519999999999999
0.8,0.12,0.15039999999999987
0.8,0.14,0.14880000000000004
0.8,0.16,0.1472
0.8,0.18,0.14559999999999973
0.8,0.2,0.1439999999999999
0.8,0.22,0.14239999999999986
0.8,0.24,0.14080000000000004
0.8,0.26,0.1392
0.8,0.28,0.13759999999999972
0.8,0.3,0.1359999999999999
0.8,0.32,0.13439999999999985
0.8,0.34,0.13280000000000003
0.8,0.36,0.13119999999999998
0.8,0.38,0.12959999999999994
0.8,0.4,0.1279999999999999
0.8,0.42,0.12639999999999985
0.8,0.44,0.12480000000000002
0.8,0.46,0.12319999999999998
0.8,0.48,0.12159999999999993
0.8,0.5,0.11999999999999988
0.8,0.52,0.11839999999999984
0.8,0.54,0.11680000000000001
0.8,0.56,0.11519999999999997
0.8,0.58,0.11359999999999992
0.8,0.6,0.1120000000000001
0.8,0.62,0.11039999999999983
0.8,0.64,0.10880000000000001
0.8,0.66,0.10719999999999996
0.8,0.68,0.10559999999999992
0.8,0.7000000000000001,0.10400000000000009
0.8,0.72,0.10240000000000005
0.8,0.74,0.10079999999999978
0.8,0.76,0.09919999999999995
0.8,0.78,0.09759999999999991
0.8,0.8,0.09599999999999986
