"package_path","source_path","bytes","sha256","copy_verified"
"results\paper_e1_path\experiment1_path_dependence.pdf","D:\project\bylw\artifacts\results\paper_e1_path\experiment1_path_dependence.pdf","75636","AB584873917AC0C90745D05DB9059E3F42087D95C6B4F1ED3D6054342F2F2CFF","True"
"results\paper_e1_path\experiment1_path_dependence.png","D:\project\bylw\artifacts\results\paper_e1_path\experiment1_path_dependence.png","224809","7E0BECEA56D4D0D7595EE0C27750AA35A0647074E195DE9CB7F6F108A6C0C4D2","True"
"results\paper_e1_path\experiment1_path_dependence.svg","D:\project\bylw\artifacts\results\paper_e1_path\experiment1_path_dependence.svg","356727","DA65A59AC66F8BB58F903571FE325CFEF3CC7FB5D58D4FB7119643884D2B2979","True"
"results\paper_e1_path\manifest.json","D:\project\bylw\artifacts\results\paper_e1_path\manifest.json","3797","F661FF52BA4285652CFF4431C6361A36A6708BFDAEDFDD14C255F654C92619F4","True"
"results\paper_e1_path\path_grid.csv","D:\project\bylw\artifacts\results\paper_e1_path\path_grid.csv","50877","CBB9D92D8980E328DBDF49A63DEBD2E27CCB868613210069981B2EAF0A3B1BD5","True"
"results\paper_e1_path\paths.csv","D:\project\bylw\artifacts\results\paper_e1_path\paths.csv","166","7E577B38CEBAF457D9E58D3E5F8E111330ED9D652A4B822A77D2ED7B6191F653","True"
"results\paper_e2_base16_confirm\diagnostic_raw.csv","D:\project\bylw\artifacts\results\paper_e2_base16_confirm\diagnostic_raw.csv","4661898","191EA77851DFA0A3C96FB0A44BC946A2005A47746C2E66C6BD454D654FCC4737","True"
"results\paper_e2_base16_confirm\diagnostic_references.csv","D:\project\bylw\artifacts\results\paper_e2_base16_confirm\diagnostic_references.csv","17933","8E28B28276148B2301A12C0B09ACF2557F666F0EE26611E7A5B5981C46490721","True"
"results\paper_e2_base16_confirm\diagnostic_summary.csv","D:\project\bylw\artifacts\results\paper_e2_base16_confirm\diagnostic_summary.csv","8543","2A0CCD1390A9E61FDA4937D5049EB59DF10D8DA0FFD6BB99B2898A665F374D71","True"
"results\paper_e2_base16_confirm\experiment2_diagnostics_day0.pdf","D:\project\bylw\artifacts\results\paper_e2_base16_confirm\experiment2_diagnostics_day0.pdf","48238","A9DC06F4EBC8B41AFEDE799E1ABA42E2D59C176135C3AAF77B5B6945F0281417","True"
"results\paper_e2_base16_confirm\experiment2_diagnostics_day0.png","D:\project\bylw\artifacts\results\paper_e2_base16_confirm\experiment2_diagnostics_day0.png","412992","A05FAD42BFA9C4D789B35B377425BEAA8833CBCEE7D631340F07DA0BA18DFF22","True"
"results\paper_e2_base16_confirm\experiment2_diagnostics_day0.svg","D:\project\bylw\artifacts\results\paper_e2_base16_confirm\experiment2_diagnostics_day0.svg","63149","6A1B502DB992ADEBE7CC41E225ABA84306D86B5F6890A842EB6FFC245DAD0E4E","True"
"results\paper_e2_base16_confirm\experiment2_diagnostics_day150.pdf","D:\project\bylw\artifacts\results\paper_e2_base16_confirm\experiment2_diagnostics_day150.pdf","48198","120577BC945ECD6BB410EAA5C61F7BDC31AFA59A660FBD109235AEBF04984021","True"
"results\paper_e2_base16_confirm\experiment2_diagnostics_day150.png","D:\project\bylw\artifacts\results\paper_e2_base16_confirm\experiment2_diagnostics_day150.png","417022","5A8272BA7AC9D7D5415DBC5CBBE14CF7A38678832DC1AB5C5F4204F43DE3EE4F","True"
"results\paper_e2_base16_confirm\experiment2_diagnostics_day150.svg","D:\project\bylw\artifacts\results\paper_e2_base16_confirm\experiment2_diagnostics_day150.svg","61817","ACD411D897E99185EA70F0F11B7C55BE0C172588333BA0C21A716D43E9F36BBC","True"
"results\paper_e2_base16_confirm\experiment2_diagnostics_day290.pdf","D:\project\bylw\artifacts\results\paper_e2_base16_confirm\experiment2_diagnostics_day290.pdf","48226","E15B2FD1B8F3B52A347145B3E6B0F6A3735F38E2B954BF90C5CB6A6244A8C927","True"
"results\paper_e2_base16_confirm\experiment2_diagnostics_day290.png","D:\project\bylw\artifacts\results\paper_e2_base16_confirm\experiment2_diagnostics_day290.png","424785","6737164D737C8158CA5EF95AED1FDC82E58F3E0BD3B3A6E8D694040017C5FFF4","True"
"results\paper_e2_base16_confirm\experiment2_diagnostics_day290.svg","D:\project\bylw\artifacts\results\paper_e2_base16_confirm\experiment2_diagnostics_day290.svg","63308","CCD0E4A2D7FC770EC59ADE2E80A4A9494AFBEB35AA6093FDA182BCA5C0AFAA16","True"
"results\paper_e2_base16_confirm\experiment2_diagnostics_day350.pdf","D:\project\bylw\artifacts\results\paper_e2_base16_confirm\experiment2_diagnostics_day350.pdf","48083","59654FC2E6056082BA558DE98C3AD894D08DAF65E4DE4BCC071950CBEFECB072","True"
"results\paper_e2_base16_confirm\experiment2_diagnostics_day350.png","D:\project\bylw\artifacts\results\paper_e2_base16_confirm\experiment2_diagnostics_day350.png","397921","A74AA322FC87F4CC4D775F8175564D8ED546170C52AA15B166E9059AEB564645","True"
"results\paper_e2_base16_confirm\experiment2_diagnostics_day350.svg","D:\project\bylw\artifacts\results\paper_e2_base16_confirm\experiment2_diagnostics_day350.svg","59402","6E65F05363F393F385D2243731A37EEC4954382615A059C89C8B1427227E9EDF","True"
"results\paper_e2_base16_confirm\level_raw.csv","D:\project\bylw\artifacts\results\paper_e2_base16_confirm\level_raw.csv","2859814","0BCF22D8C419423AFAB752A7DF95475278763D6481C94E2E63BF0F2CBC667797","True"
"results\paper_e2_base16_confirm\level_summary.csv","D:\project\bylw\artifacts\results\paper_e2_base16_confirm\level_summary.csv","2470","641EC0F18513CDC80E7977992B63FFF6CD6D778D2907747B45349C659F8B3B10","True"
"results\paper_e2_base16_confirm\manifest.json","D:\project\bylw\artifacts\results\paper_e2_base16_confirm\manifest.json","4649","286EAC0F810E015C25BBCF81405E1FD9126F0E0D178D16E2B9D4B9B57C6B3BA6","True"
"results\paper_e2_base2_confirm\diagnostic_raw.csv","D:\project\bylw\artifacts\results\paper_e2_base2_confirm\diagnostic_raw.csv","4629893","27DD61A7CB315976744A33055970CB51F3BB1767B784329EEAA39040943558CC","True"
"results\paper_e2_base2_confirm\diagnostic_references.csv","D:\project\bylw\artifacts\results\paper_e2_base2_confirm\diagnostic_references.csv","17933","8E28B28276148B2301A12C0B09ACF2557F666F0EE26611E7A5B5981C46490721","True"
"results\paper_e2_base2_confirm\diagnostic_summary.csv","D:\project\bylw\artifacts\results\paper_e2_base2_confirm\diagnostic_summary.csv","8508","4A42E05D1B514A7AB50DAEEF7CD37455BDF60AF858F3A7C79A6FDAF91D00594A","True"
"results\paper_e2_base2_confirm\experiment2_diagnostics_day0.pdf","D:\project\bylw\artifacts\results\paper_e2_base2_confirm\experiment2_diagnostics_day0.pdf","48296","B56B6EF50442E6BCE1EECA906DDA2054818F81CD2DEDE23A361C8B96EA5A41B8","True"
"results\paper_e2_base2_confirm\experiment2_diagnostics_day0.png","D:\project\bylw\artifacts\results\paper_e2_base2_confirm\experiment2_diagnostics_day0.png","393508","C746AC1598E48CE3B5415C554166085688645A4E8FF6F3D82A3102FEF3D27D3A","True"
"results\paper_e2_base2_confirm\experiment2_diagnostics_day0.svg","D:\project\bylw\artifacts\results\paper_e2_base2_confirm\experiment2_diagnostics_day0.svg","68430","64BE4247387F1C6478965E94EE495F0BA1F16AA9517ECDB51CEF0F8E3FA2B66C","True"
"results\paper_e2_base2_confirm\experiment2_diagnostics_day150.pdf","D:\project\bylw\artifacts\results\paper_e2_base2_confirm\experiment2_diagnostics_day150.pdf","48170","7126722CC991891A66D3DC5152410D83C87CD9D05DCE97B540B50E195CD67BB0","True"
"results\paper_e2_base2_confirm\experiment2_diagnostics_day150.png","D:\project\bylw\artifacts\results\paper_e2_base2_confirm\experiment2_diagnostics_day150.png","390049","0EE44C500FC4E56C56ED2404C1C9C20692BF5341AAE8F05E0B62D4C0ACA55915","True"
"results\paper_e2_base2_confirm\experiment2_diagnostics_day150.svg","D:\project\bylw\artifacts\results\paper_e2_base2_confirm\experiment2_diagnostics_day150.svg","66536","421FCB70D7679F17536C62A85B1720FF2E2FAC50CCD372C14BF1607B8A153E0D","True"
"results\paper_e2_base2_confirm\experiment2_diagnostics_day290.pdf","D:\project\bylw\artifacts\results\paper_e2_base2_confirm\experiment2_diagnostics_day290.pdf","48056","38FCB8AC0B562906AA647087DEE69FCF245407F571EB48D5A924E5025CE4B70B","True"
"results\paper_e2_base2_confirm\experiment2_diagnostics_day290.png","D:\project\bylw\artifacts\results\paper_e2_base2_confirm\experiment2_diagnostics_day290.png","407161","9FDDDA4D462CC43618A5C4EDB2FA61759F83669754157B85DFB680A3D39D3559","True"
"results\paper_e2_base2_confirm\experiment2_diagnostics_day290.svg","D:\project\bylw\artifacts\results\paper_e2_base2_confirm\experiment2_diagnostics_day290.svg","64172","A0209197665DA6E32B84435C9609D0539A341069B8277BF886ED5502E2A839E3","True"
"results\paper_e2_base2_confirm\experiment2_diagnostics_day350.pdf","D:\project\bylw\artifacts\results\paper_e2_base2_confirm\experiment2_diagnostics_day350.pdf","48204","116F1B6D4F19FBEDF3D166FA9030F14473241D6BBEA0263FF7F49ACB29FE6B1A","True"
"results\paper_e2_base2_confirm\experiment2_diagnostics_day350.png","D:\project\bylw\artifacts\results\paper_e2_base2_confirm\experiment2_diagnostics_day350.png","400208","04B2B1FC0080F2F388D14DC2F3C679FB85CF37C94C25AA413429EAC85BE8F608","True"
"results\paper_e2_base2_confirm\experiment2_diagnostics_day350.svg","D:\project\bylw\artifacts\results\paper_e2_base2_confirm\experiment2_diagnostics_day350.svg","66787","9970805219EA41BBD5C8E09487CAABAB8D7D5F7E6783033758C1E4F2F7C4063F","True"
"results\paper_e2_base2_confirm\level_raw.csv","D:\project\bylw\artifacts\results\paper_e2_base2_confirm\level_raw.csv","5689359","E7B67301E824FCCF0B873DA5D27DF0A44B02FF134429F44591730B56D9D9A302","True"
"results\paper_e2_base2_confirm\level_summary.csv","D:\project\bylw\artifacts\results\paper_e2_base2_confirm\level_summary.csv","4799","0D7EA2F2C1DC36C61990D1E3272F719EE8C791A85E3BAD72B75207BDCF6F1340","True"
"results\paper_e2_base2_confirm\manifest.json","D:\project\bylw\artifacts\results\paper_e2_base2_confirm\manifest.json","4646","BC6BDB8375C089CDD875563365BEAE9DDE01C219469AD0E950278CA453F9F134","True"
"results\paper_e2_diagnostic_base16_pilot_20260913\diagnostic_raw.csv","D:\project\bylw\artifacts\results\paper_e2_diagnostic_base16_pilot_20260913\diagnostic_raw.csv","552486","7A4C4A7290150041F4B7BAF8E64AC3A5B9CA911E1BDFDCA39E59F03662D177F1","True"
"results\paper_e2_diagnostic_base16_pilot_20260913\diagnostic_references.csv","D:\project\bylw\artifacts\results\paper_e2_diagnostic_base16_pilot_20260913\diagnostic_references.csv","8997","27F3BEB1B64386B6288DF9647F0A79BB13E6E107C55B8476EF9A2C7027D6F3F4","True"
"results\paper_e2_diagnostic_base16_pilot_20260913\diagnostic_summary.csv","D:\project\bylw\artifacts\results\paper_e2_diagnostic_base16_pilot_20260913\diagnostic_summary.csv","8614","FC55B48768A53B978BD395BF84D38608FC383E57CCF3C718DF8AAFA4D253C8D7","True"
"results\paper_e2_diagnostic_base16_pilot_20260913\experiment2_diagnostics_day0.pdf","D:\project\bylw\artifacts\results\paper_e2_diagnostic_base16_pilot_20260913\experiment2_diagnostics_day0.pdf","48153","D34DD3F04E27989D8A3630CC5E5859AC9B5713AE3FD1A3825D78A6798591803F","True"
"results\paper_e2_diagnostic_base16_pilot_20260913\experiment2_diagnostics_day0.png","D:\project\bylw\artifacts\results\paper_e2_diagnostic_base16_pilot_20260913\experiment2_diagnostics_day0.png","425717","C23098204EB09E7A9B64908F34BB35EFD67A15313D496E405178103B3E968422","True"
"results\paper_e2_diagnostic_base16_pilot_20260913\experiment2_diagnostics_day0.svg","D:\project\bylw\artifacts\results\paper_e2_diagnostic_base16_pilot_20260913\experiment2_diagnostics_day0.svg","62991","956A489287D16A76A59E12C73288CD3E37CD84EE3563EC5004BEED3F6AC857B4","True"
"results\paper_e2_diagnostic_base16_pilot_20260913\experiment2_diagnostics_day150.pdf","D:\project\bylw\artifacts\results\paper_e2_diagnostic_base16_pilot_20260913\experiment2_diagnostics_day150.pdf","48195","6212D72A9EB5982CA813AD7B7DB2A99162ECB0A7D21DD96FDA118F00369669C1","True"
"results\paper_e2_diagnostic_base16_pilot_20260913\experiment2_diagnostics_day150.png","D:\project\bylw\artifacts\results\paper_e2_diagnostic_base16_pilot_20260913\experiment2_diagnostics_day150.png","438944","6CD90B44C01B74EEA2BA07C6531483F036DBD6E80305D86BD88985473AA1851C","True"
"results\paper_e2_diagnostic_base16_pilot_20260913\experiment2_diagnostics_day150.svg","D:\project\bylw\artifacts\results\paper_e2_diagnostic_base16_pilot_20260913\experiment2_diagnostics_day150.svg","63560","E7C69E3102902937C80B34CB2B3F7861F1DACC5DC870A139E2279C2D65C9912F","True"
"results\paper_e2_diagnostic_base16_pilot_20260913\experiment2_diagnostics_day290.pdf","D:\project\bylw\artifacts\results\paper_e2_diagnostic_base16_pilot_20260913\experiment2_diagnostics_day290.pdf","48377","C9B18845DB3CC5DEFB1CAB01518FE50AFB1FF698BC6C18E1443A208120C1A3A9","True"
"results\paper_e2_diagnostic_base16_pilot_20260913\experiment2_diagnostics_day290.png","D:\project\bylw\artifacts\results\paper_e2_diagnostic_base16_pilot_20260913\experiment2_diagnostics_day290.png","427150","092DA8D4A3ACF2E1514BE0F193FC1EC89A74062C10CD8CD858C436D0CD73E922","True"
"results\paper_e2_diagnostic_base16_pilot_20260913\experiment2_diagnostics_day290.svg","D:\project\bylw\artifacts\results\paper_e2_diagnostic_base16_pilot_20260913\experiment2_diagnostics_day290.svg","67200","341983266B9558CA997B835874E25BAC5005AA281ABDC8A08BBEBA58B52488CE","True"
"results\paper_e2_diagnostic_base16_pilot_20260913\experiment2_diagnostics_day350.pdf","D:\project\bylw\artifacts\results\paper_e2_diagnostic_base16_pilot_20260913\experiment2_diagnostics_day350.pdf","48236","85D3508447E033F9A032516BD63AD08C87432B1604486D5D9E0821191A84D86A","True"
"results\paper_e2_diagnostic_base16_pilot_20260913\experiment2_diagnostics_day350.png","D:\project\bylw\artifacts\results\paper_e2_diagnostic_base16_pilot_20260913\experiment2_diagnostics_day350.png","430482","92EEE4AC6F5D318EA0088ACD531AD59213E788E2104EE917E52F036C4AB7DA1C","True"
"results\paper_e2_diagnostic_base16_pilot_20260913\experiment2_diagnostics_day350.svg","D:\project\bylw\artifacts\results\paper_e2_diagnostic_base16_pilot_20260913\experiment2_diagnostics_day350.svg","64992","7D4E5AB4B3B2DCAE8E216CFC55A3A27DDD6605F45B1B74F4741AC4D3A6539ED6","True"
"results\paper_e2_diagnostic_base16_pilot_20260913\level_raw.csv","D:\project\bylw\artifacts\results\paper_e2_diagnostic_base16_pilot_20260913\level_raw.csv","341830","E23BB44E223E04646F45565842140C3B8D93AB3936A0256318E1BB206CEFA9EA","True"
"results\paper_e2_diagnostic_base16_pilot_20260913\level_summary.csv","D:\project\bylw\artifacts\results\paper_e2_diagnostic_base16_pilot_20260913\level_summary.csv","2466","2C4CAA3D4E1FA8FCDEDF4358681DB0C0C36AE3A103345C35ABADCA8FC8561427","True"
"results\paper_e2_diagnostic_base16_pilot_20260913\manifest.json","D:\project\bylw\artifacts\results\paper_e2_diagnostic_base16_pilot_20260913\manifest.json","4354","B5F9B18A1EDAB5D287049A5516F0B31C5107129D7DDD1EBE60948AFA8FE3CCE3","True"
"results\paper_e2_diagnostic_pilot_20260913\diagnostic_raw.csv","D:\project\bylw\artifacts\results\paper_e2_diagnostic_pilot_20260913\diagnostic_raw.csv","548578","3B4DD423B7CAED51C6C2102A1040A62A0F3F7E881E2A08F5917EA12F384F73CC","True"
"results\paper_e2_diagnostic_pilot_20260913\diagnostic_references.csv","D:\project\bylw\artifacts\results\paper_e2_diagnostic_pilot_20260913\diagnostic_references.csv","8997","27F3BEB1B64386B6288DF9647F0A79BB13E6E107C55B8476EF9A2C7027D6F3F4","True"
"results\paper_e2_diagnostic_pilot_20260913\diagnostic_summary.csv","D:\project\bylw\artifacts\results\paper_e2_diagnostic_pilot_20260913\diagnostic_summary.csv","8550","E25427FF623CFCAF2236CB560220675F776EEDFAB7E91F99B002DB8188019785","True"
"results\paper_e2_diagnostic_pilot_20260913\experiment2_diagnostics_day0.pdf","D:\project\bylw\artifacts\results\paper_e2_diagnostic_pilot_20260913\experiment2_diagnostics_day0.pdf","48194","100FFBD7495A180FB3124D8DF42E016AFC8A857D3C8101A8C7F32C7DC8070797","True"
"results\paper_e2_diagnostic_pilot_20260913\experiment2_diagnostics_day0.png","D:\project\bylw\artifacts\results\paper_e2_diagnostic_pilot_20260913\experiment2_diagnostics_day0.png","395981","923C6A29FB4DAC5DB11D0017EB13E52C315B1FB57C9D5E125E8346BBFD5567F9","True"
"results\paper_e2_diagnostic_pilot_20260913\experiment2_diagnostics_day0.svg","D:\project\bylw\artifacts\results\paper_e2_diagnostic_pilot_20260913\experiment2_diagnostics_day0.svg","66643","0E6324A68858BD4F87A7C8B5130950D8C678CCA7A6282FF65868CA10E478DFED","True"
"results\paper_e2_diagnostic_pilot_20260913\experiment2_diagnostics_day150.pdf","D:\project\bylw\artifacts\results\paper_e2_diagnostic_pilot_20260913\experiment2_diagnostics_day150.pdf","47632","2C4175C95A86495B67E9308EDED361992FFCA47C9EE54D291FAD7EDA0C6E02B7","True"
"results\paper_e2_diagnostic_pilot_20260913\experiment2_diagnostics_day150.png","D:\project\bylw\artifacts\results\paper_e2_diagnostic_pilot_20260913\experiment2_diagnostics_day150.png","415620","B94FBE33534891A1D3379516A3E338BE3BE647DA9E6002C2D3DCE73196331DA7","True"
"results\paper_e2_diagnostic_pilot_20260913\experiment2_diagnostics_day150.svg","D:\project\bylw\artifacts\results\paper_e2_diagnostic_pilot_20260913\experiment2_diagnostics_day150.svg","67927","F6CEFD2F3AE03B1260D6601F7D16B82B6E1784A5D730F190574D016E97B1FCBC","True"
"results\paper_e2_diagnostic_pilot_20260913\experiment2_diagnostics_day290.pdf","D:\project\bylw\artifacts\results\paper_e2_diagnostic_pilot_20260913\experiment2_diagnostics_day290.pdf","48147","5876BE9BC98A2A91DC722D7D6DF2E79DD1E84BD76AC9A7202C38B44EF64868C7","True"
"results\paper_e2_diagnostic_pilot_20260913\experiment2_diagnostics_day290.png","D:\project\bylw\artifacts\results\paper_e2_diagnostic_pilot_20260913\experiment2_diagnostics_day290.png","427885","7DDC571776C351D28935FF6F06FA5A38B96307D44004C2140591942D18B45414","True"
"results\paper_e2_diagnostic_pilot_20260913\experiment2_diagnostics_day290.svg","D:\project\bylw\artifacts\results\paper_e2_diagnostic_pilot_20260913\experiment2_diagnostics_day290.svg","65250","41155283744834902130D71373DC9B9916D4DFD327CC65397278DE0F52E68B27","True"
"results\paper_e2_diagnostic_pilot_20260913\experiment2_diagnostics_day350.pdf","D:\project\bylw\artifacts\results\paper_e2_diagnostic_pilot_20260913\experiment2_diagnostics_day350.pdf","48214","4B035A94984E46A993AC2EE80444845D4693D851D9A3D18BAFF00595AFF933BF","True"
"results\paper_e2_diagnostic_pilot_20260913\experiment2_diagnostics_day350.png","D:\project\bylw\artifacts\results\paper_e2_diagnostic_pilot_20260913\experiment2_diagnostics_day350.png","403326","317AD60D3C0540F5803979441F835CD12409F506ECA8603D1C309FBDEB02F620","True"
"results\paper_e2_diagnostic_pilot_20260913\experiment2_diagnostics_day350.svg","D:\project\bylw\artifacts\results\paper_e2_diagnostic_pilot_20260913\experiment2_diagnostics_day350.svg","67831","1E84A94A697201B6AE68A862868519611CC11FAA5AF4213135F5F62CF6591132","True"
"results\paper_e2_diagnostic_pilot_20260913\level_raw.csv","D:\project\bylw\artifacts\results\paper_e2_diagnostic_pilot_20260913\level_raw.csv","680062","2C979AE902D5EC1182C2AA7C01F46C92202496C6B6BEC26DBB4FB08418F4272C","True"
"results\paper_e2_diagnostic_pilot_20260913\level_summary.csv","D:\project\bylw\artifacts\results\paper_e2_diagnostic_pilot_20260913\level_summary.csv","4796","133024725385A7CC4923AE465C39E3A3A4766EDD208DC8C5A82B660D27123D20","True"
"results\paper_e2_diagnostic_pilot_20260913\manifest.json","D:\project\bylw\artifacts\results\paper_e2_diagnostic_pilot_20260913\manifest.json","4345","CD2754EC5FFD992B124C7E1E8E72025BFB1715425F95068AFDE7355DD6A57A17","True"
"results\paper_e2_estimator\bias_raw.csv","D:\project\bylw\artifacts\results\paper_e2_estimator\bias_raw.csv","390072","DFAC6A015B969B2DB8B152352F9EA273F2A664432C0C898E0F94F0E1C0E7E216","True"
"results\paper_e2_estimator\bias_summary.csv","D:\project\bylw\artifacts\results\paper_e2_estimator\bias_summary.csv","886","24D9575CAC4324365F1D89EB5AE957331C4D05CC4E5E73E4CEFCBDE22B01FA51","True"
"results\paper_e2_estimator\experiment2_estimator_four_panels.pdf","D:\project\bylw\artifacts\results\paper_e2_estimator\experiment2_estimator_four_panels.pdf","50385","BB3BA71A16390BB9CA10D9436579F20D6F5783C7F3AA7A799F79CB0170724D21","True"
"results\paper_e2_estimator\experiment2_estimator_four_panels.png","D:\project\bylw\artifacts\results\paper_e2_estimator\experiment2_estimator_four_panels.png","469528","A99456E6DD3BCE501740F1A800B86F958AC12038483D546DABFFDB312F801209","True"
"results\paper_e2_estimator\experiment2_estimator_four_panels.svg","D:\project\bylw\artifacts\results\paper_e2_estimator\experiment2_estimator_four_panels.svg","75253","46ACAD3E42682DC76C31B50C46D91F7CA4F22B47F4EEE48AA8A547BE960B6153","True"
"results\paper_e2_estimator\manifest.json","D:\project\bylw\artifacts\results\paper_e2_estimator\manifest.json","3842","686B54D8C9B705CEA245C19F4A16DBC32713960FA21879343FA6F69126384CF2","True"
"results\paper_e2_estimator\numerical_reference_d10.csv","D:\project\bylw\artifacts\results\paper_e2_estimator\numerical_reference_d10.csv","4234","7122F12D8E2ABB72A2428F9444DBFBA93030F74E2BFCF32D605B46A745946CDB","True"
"results\paper_e2_estimator\numerical_reference_d2.csv","D:\project\bylw\artifacts\results\paper_e2_estimator\numerical_reference_d2.csv","1303","210CBBCDFD2EA2FE0BF5F8B5544A10D33B525F8A36D6BD081D8867C5CBD4FDF8","True"
"results\paper_e2_estimator\numerical_reference_d4.csv","D:\project\bylw\artifacts\results\paper_e2_estimator\numerical_reference_d4.csv","2017","FCCB5F9739A0C6FE156DCDD0B1E425C43E6BF05A7DD4DC11D6FA2C68A44D065F","True"
"results\paper_e2_estimator\numerical_reference_d8.csv","D:\project\bylw\artifacts\results\paper_e2_estimator\numerical_reference_d8.csv","3485","6A3545AE93B4959FA55405298E5600CA54E5805FBD3097B0BA7EDFDC0249E5A3","True"
"results\paper_e2_estimator\variance_raw.csv","D:\project\bylw\artifacts\results\paper_e2_estimator\variance_raw.csv","589335","2A2246441382DDB851B7FC4094280436D4294A8D1F37CA6D14AA9EEF4722D13C","True"
"results\paper_e2_estimator\variance_summary.csv","D:\project\bylw\artifacts\results\paper_e2_estimator\variance_summary.csv","1644","0DF1E00EF4C888775A72D602EBD3F7782BBCD96A09BF4611EB6B5CD9F4034D28","True"
"results\paper_e3_estimator_compare_confirm\daily.csv","D:\project\bylw\artifacts\results\paper_e3_estimator_compare_confirm\daily.csv","4146702","B652BEA9D2250AC137C2C10A6459804A8085396934703BCCCD23A3393630C9E5","True"
"results\paper_e3_estimator_compare_confirm\episodes.csv","D:\project\bylw\artifacts\results\paper_e3_estimator_compare_confirm\episodes.csv","7496964","61E7D63DC86772EFF1CE68991807AE66510A7FF3E946C72EEC158C10644B5192","True"
"results\paper_e3_estimator_compare_confirm\experiment3_common_context.pdf","D:\project\bylw\artifacts\results\paper_e3_estimator_compare_confirm\experiment3_common_context.pdf","76787","4259155EBDB6B549697C65265F948CF8A7B0619468633FF6EAC7D1E1A57058B3","True"
"results\paper_e3_estimator_compare_confirm\experiment3_common_context.png","D:\project\bylw\artifacts\results\paper_e3_estimator_compare_confirm\experiment3_common_context.png","552031","B3FE933B6FE9D564D94B72E64AC5BAE58BBF4D0452F7FDF1FA354FADB48991E5","True"
"results\paper_e3_estimator_compare_confirm\experiment3_common_context.svg","D:\project\bylw\artifacts\results\paper_e3_estimator_compare_confirm\experiment3_common_context.svg","168710","828C413D32C94D4865C6891CAC22DAEB42FEECEC5157BEE091164D265E70D8FC","True"
"results\paper_e3_estimator_compare_confirm\experiment3_tracking_merged.pdf","D:\project\bylw\artifacts\results\paper_e3_estimator_compare_confirm\experiment3_tracking_merged.pdf","100128","4A92BDBCED4C0DC0172508E2F8EAB5343E28B2E5BA903537DD82E4066AE62983","True"
"results\paper_e3_estimator_compare_confirm\experiment3_tracking_merged.png","D:\project\bylw\artifacts\results\paper_e3_estimator_compare_confirm\experiment3_tracking_merged.png","1054824","DF97B3AC6AFEC932323FFBD4388BC9706CC2EE7C6FD3E96C06B3D076436850C4","True"
"results\paper_e3_estimator_compare_confirm\experiment3_tracking_merged.svg","D:\project\bylw\artifacts\results\paper_e3_estimator_compare_confirm\experiment3_tracking_merged.svg","252439","C0C308A65BBFFBA225535786F8270498A03B5BACF686E39C569FD9A60C3F628F","True"
"results\paper_e3_estimator_compare_confirm\manifest.json","D:\project\bylw\artifacts\results\paper_e3_estimator_compare_confirm\manifest.json","4898","DB1EA725EE1742EA3FFB6853AA48E41365801DA82BF35F3145C9F1615889C06F","True"
"results\paper_e3_estimator_compare_confirm\summary_aggregate.csv","D:\project\bylw\artifacts\results\paper_e3_estimator_compare_confirm\summary_aggregate.csv","2605","4F741EC57F84736E39A11957535165312508D9895E39299C689287A27E384ECD","True"
"results\paper_e3_estimator_compare_confirm\summary.csv","D:\project\bylw\artifacts\results\paper_e3_estimator_compare_confirm\summary.csv","7227","E9DB21BA468E676879761AE60C7EB9B4B0DFDF48690590430CA6007E8CB6C07B","True"
"results\paper_e3_estimator_compare_confirm\tracking_frozen.pdf","D:\project\bylw\artifacts\results\paper_e3_estimator_compare_confirm\tracking_frozen.pdf","49219","72C49018DC5356FEA3E388D4846D80AA7544E9DFE0190142FAFF4D429543F505","True"
"results\paper_e3_estimator_compare_confirm\tracking_frozen.png","D:\project\bylw\artifacts\results\paper_e3_estimator_compare_confirm\tracking_frozen.png","294112","7531DCC489F0E765D0E8D6F9A89574B7117161E01CE5B18F1DF7DEAE8FDCD332","True"
"results\paper_e3_estimator_compare_confirm\tracking_frozen.svg","D:\project\bylw\artifacts\results\paper_e3_estimator_compare_confirm\tracking_frozen.svg","62222","31D4EB60A552836C8D2EE05A55E6C76BB9E3E954E77443C24D3FD063B0E774B7","True"
"results\paper_e3_estimator_compare_confirm\tracking_multilevel_outer.pdf","D:\project\bylw\artifacts\results\paper_e3_estimator_compare_confirm\tracking_multilevel_outer.pdf","49274","7A1A11B73A1441534D110EC095C73CA63EC5685D4E13CFC446FFBDF8507EC3B3","True"
"results\paper_e3_estimator_compare_confirm\tracking_multilevel_outer.png","D:\project\bylw\artifacts\results\paper_e3_estimator_compare_confirm\tracking_multilevel_outer.png","308881","F86734CCCECA9A51CCEF91ED5D028A82002CF8EB57B7FBA036D4ED832CFF30DC","True"
"results\paper_e3_estimator_compare_confirm\tracking_multilevel_outer.svg","D:\project\bylw\artifacts\results\paper_e3_estimator_compare_confirm\tracking_multilevel_outer.svg","63030","C3B8403D5A7E13AFCEF8142CBB1704F5601C076C2C636A09D49E63B6A848B2F9","True"
"results\paper_e3_estimator_compare_confirm\tracking_multilevel.pdf","D:\project\bylw\artifacts\results\paper_e3_estimator_compare_confirm\tracking_multilevel.pdf","49256","AEDB75ACB1676A6E592EB0273BFE831A0B11B5D4E6729D128DB8438ABF0B9F89","True"
"results\paper_e3_estimator_compare_confirm\tracking_multilevel.png","D:\project\bylw\artifacts\results\paper_e3_estimator_compare_confirm\tracking_multilevel.png","314019","923056DAE78D9B27497C381F9DF0074AC8534CD70ACE9D44EA42E04C4C8062A9","True"
"results\paper_e3_estimator_compare_confirm\tracking_multilevel.svg","D:\project\bylw\artifacts\results\paper_e3_estimator_compare_confirm\tracking_multilevel.svg","62619","0730161F45FC14F54582623B6BEC2C335ADDFC55FC3F93BD9C547898D980A643","True"
"results\paper_e3_estimator_compare_confirm\tracking_plugin.pdf","D:\project\bylw\artifacts\results\paper_e3_estimator_compare_confirm\tracking_plugin.pdf","49266","9BB3AD18A3BBBDB57CF909F5E2660E2EBCBCE7E845803D3A800098EEBE23CB3E","True"
"results\paper_e3_estimator_compare_confirm\tracking_plugin.png","D:\project\bylw\artifacts\results\paper_e3_estimator_compare_confirm\tracking_plugin.png","294606","C6274D94C36BE2FBC65EFE748FB4A5DCEA2C690FECD819C25E8CD8486163489A","True"
"results\paper_e3_estimator_compare_confirm\tracking_plugin.svg","D:\project\bylw\artifacts\results\paper_e3_estimator_compare_confirm\tracking_plugin.svg","63036","20F63376924B68D5E46F98B1AC77D8AA1A0C91E80EEFA315A3EFE56D90D42B78","True"
"results\paper_e3_estimator_smoke_20260913\daily.csv","D:\project\bylw\artifacts\results\paper_e3_estimator_smoke_20260913\daily.csv","9464","D9132260FA662746DAFFF10BBD118A0215894E43E83054C95685274EFA4E445B","True"
"results\paper_e3_estimator_smoke_20260913\episodes.csv","D:\project\bylw\artifacts\results\paper_e3_estimator_smoke_20260913\episodes.csv","19176","071FB7B2076CD48A75EF9E221D903F54A2612CFDF43C1C600A5D1293E4D5525C","True"
"results\paper_e3_estimator_smoke_20260913\experiment3_common_context.pdf","D:\project\bylw\artifacts\results\paper_e3_estimator_smoke_20260913\experiment3_common_context.pdf","42013","4609F0B6048733B1742CC97A767D7A976D61AE3170138D817F73AC0477E291D4","True"
"results\paper_e3_estimator_smoke_20260913\experiment3_common_context.png","D:\project\bylw\artifacts\results\paper_e3_estimator_smoke_20260913\experiment3_common_context.png","411401","EC47336A373272D9862E30475A2E2ABDA32EA551C2D6D00DC1DDEEB224F17E40","True"
"results\paper_e3_estimator_smoke_20260913\experiment3_common_context.svg","D:\project\bylw\artifacts\results\paper_e3_estimator_smoke_20260913\experiment3_common_context.svg","49384","EC2F7FCE8AC524BF7C8FB4A55DE11790D8AC006E95353CF7BA5FC007490AD736","True"
"results\paper_e3_estimator_smoke_20260913\experiment3_tracking_merged.pdf","D:\project\bylw\artifacts\results\paper_e3_estimator_smoke_20260913\experiment3_tracking_merged.pdf","49420","E17413185D0375D900CB810309F6243C41FB56F60B9B47EAFBD6223850AB165E","True"
"results\paper_e3_estimator_smoke_20260913\experiment3_tracking_merged.png","D:\project\bylw\artifacts\results\paper_e3_estimator_smoke_20260913\experiment3_tracking_merged.png","606582","D92FB9EA78B2E2339E3A6EFBB1072E324644238034C9E9C370B596FC103F1089","True"
"results\paper_e3_estimator_smoke_20260913\experiment3_tracking_merged.svg","D:\project\bylw\artifacts\results\paper_e3_estimator_smoke_20260913\experiment3_tracking_merged.svg","76960","E6D37F32D4B6A97E1F74D1E596589C43DF16BDBBB7F3BCC9F03B4DC6554DF5CA","True"
"results\paper_e3_estimator_smoke_20260913\manifest.json","D:\project\bylw\artifacts\results\paper_e3_estimator_smoke_20260913\manifest.json","4816","EA18B50A00831A112F051998DA42D13ADEFA05B7E387A475B65B07E8D3E10CF4","True"
"results\paper_e3_estimator_smoke_20260913\summary_aggregate.csv","D:\project\bylw\artifacts\results\paper_e3_estimator_smoke_20260913\summary_aggregate.csv","3044","650834516445AE033B9847580B779A9729F5786C3F5B2EC17859E0E18C05EF12","True"
"results\paper_e3_estimator_smoke_20260913\summary.csv","D:\project\bylw\artifacts\results\paper_e3_estimator_smoke_20260913\summary.csv","992","7126D02DE1422F4358BFA63A34DAF5E0E87ABE5D231B2B97A268BA958F76B8DF","True"
"results\paper_e3_estimator_smoke_20260913\tracking_frozen.pdf","D:\project\bylw\artifacts\results\paper_e3_estimator_smoke_20260913\tracking_frozen.pdf","38119","5BB60C9AE37B2E2EA6E9714CC9D4413229A63057E1A35A645DB0F64A98D2975B","True"
"results\paper_e3_estimator_smoke_20260913\tracking_frozen.png","D:\project\bylw\artifacts\results\paper_e3_estimator_smoke_20260913\tracking_frozen.png","268266","08234A47EA47DC1B42963EE44952249B8104C35043C51C9E180B47EA0B0E0349","True"
"results\paper_e3_estimator_smoke_20260913\tracking_frozen.svg","D:\project\bylw\artifacts\results\paper_e3_estimator_smoke_20260913\tracking_frozen.svg","29131","AA6E92482F90C8277ACAFDE4D87EEC4A6A033BCD61E1EDFD83EA6DA109330EC2","True"
"results\paper_e3_estimator_smoke_20260913\tracking_multilevel_outer.pdf","D:\project\bylw\artifacts\results\paper_e3_estimator_smoke_20260913\tracking_multilevel_outer.pdf","38119","F6D1AA887EEF6932FDD31C811E50B5825867F39A9BD6FF0EF6EC48CC34AE6F40","True"
"results\paper_e3_estimator_smoke_20260913\tracking_multilevel_outer.png","D:\project\bylw\artifacts\results\paper_e3_estimator_smoke_20260913\tracking_multilevel_outer.png","271683","88AA9AEBA040CF94C6E17949CDC0A4BABE4B6599AB2DACAE800A60CA1B7A7DE8","True"
"results\paper_e3_estimator_smoke_20260913\tracking_multilevel_outer.svg","D:\project\bylw\artifacts\results\paper_e3_estimator_smoke_20260913\tracking_multilevel_outer.svg","29137","0F4B22100537E28F9429AE1856FFAFE66CB27F68C17E4692EEC30A20D99EADB9","True"
"results\paper_e3_estimator_smoke_20260913\tracking_multilevel.pdf","D:\project\bylw\artifacts\results\paper_e3_estimator_smoke_20260913\tracking_multilevel.pdf","38488","A013B029830F8D0C79C5F18D454173D76E6FAC85F423023C04D5E1C2CD0E502B","True"
"results\paper_e3_estimator_smoke_20260913\tracking_multilevel.png","D:\project\bylw\artifacts\results\paper_e3_estimator_smoke_20260913\tracking_multilevel.png","248208","73547752C9E2062D2A94130B4E3DC02C8E92083DC851A3F93A005713B57B78C2","True"
"results\paper_e3_estimator_smoke_20260913\tracking_multilevel.svg","D:\project\bylw\artifacts\results\paper_e3_estimator_smoke_20260913\tracking_multilevel.svg","27096","164F68C06E0C6438C2AAB2C615051F3A1D8BEE2829743A98E74B46224ADB1A99","True"
"results\paper_e3_estimator_smoke_20260913\tracking_plugin.pdf","D:\project\bylw\artifacts\results\paper_e3_estimator_smoke_20260913\tracking_plugin.pdf","38118","F7CFE0AAB956D8C0C9201C7BDE0F66572D776F5DFC9A83660C35DB24DC0AA91B","True"
"results\paper_e3_estimator_smoke_20260913\tracking_plugin.png","D:\project\bylw\artifacts\results\paper_e3_estimator_smoke_20260913\tracking_plugin.png","268682","14CCB86B1B283B121B2988788D6D223278BE7F0125369E42AE1B714BBEE751DC","True"
"results\paper_e3_estimator_smoke_20260913\tracking_plugin.svg","D:\project\bylw\artifacts\results\paper_e3_estimator_smoke_20260913\tracking_plugin.svg","29135","F3C67A4D0EE0E23CCC97E4E90DE9CA77E33FEA42D084D39703C311B3ED80F7C5","True"
"results\paper_e3_estimator_smoke_20260913\tracking_split_base.pdf","D:\project\bylw\artifacts\results\paper_e3_estimator_smoke_20260913\tracking_split_base.pdf","38117","0B7243128E0A971BF028D4C60F844FD886D7F54DD2C25CA2E17F78C5283B5DE0","True"
"results\paper_e3_estimator_smoke_20260913\tracking_split_base.png","D:\project\bylw\artifacts\results\paper_e3_estimator_smoke_20260913\tracking_split_base.png","274107","408D7F9764D75ABF6A98C8B60D5D9A172CCB5DB746A46F755766A5BC31F9CFA2","True"
"results\paper_e3_estimator_smoke_20260913\tracking_split_base.svg","D:\project\bylw\artifacts\results\paper_e3_estimator_smoke_20260913\tracking_split_base.svg","29134","E5507BDC5EACACEB1D71861C6AAAD7EB59F358D676F613ADF37F6BD2420B0DEF","True"
"results\paper_e3_tracking\daily.csv","D:\project\bylw\artifacts\results\paper_e3_tracking\daily.csv","6125671","E086CC88A9E8B5DEE8437C3329B905B955ED38D40EA44942BB39553BECAC1191","True"
"results\paper_e3_tracking\episodes.csv","D:\project\bylw\artifacts\results\paper_e3_tracking\episodes.csv","5197516","9B9D3E17AB44AB5FF1A35F0DCEB8AA281260079FF4D51C191EBF2C10A81DDCBC","True"
"results\paper_e3_tracking\experiment3_tracking_merged.pdf","D:\project\bylw\artifacts\results\paper_e3_tracking\experiment3_tracking_merged.pdf","114547","A3CAEDFA5AA4697FF846AB88E83BB200144977C80B0259C80A5E9C6A9D6309C0","True"
"results\paper_e3_tracking\experiment3_tracking_merged.png","D:\project\bylw\artifacts\results\paper_e3_tracking\experiment3_tracking_merged.png","980725","5C051DA2FB90D6598D99467CC638197D98FFEC869AB86251416EA31468AC451A","True"
"results\paper_e3_tracking\experiment3_tracking_merged.svg","D:\project\bylw\artifacts\results\paper_e3_tracking\experiment3_tracking_merged.svg","315226","A3EBE81C0B7471654245A683C8217F6F3A2F9D4DCD46D4CA51EEA9872E62BD70","True"
"results\paper_e3_tracking\manifest.json","D:\project\bylw\artifacts\results\paper_e3_tracking\manifest.json","3841","7892138C26B320904735CF8F2AD8DDE5EDD134DCC5B12C4DC5AFCDD306AACB75","True"
"results\paper_e3_tracking\summary_aggregate.csv","D:\project\bylw\artifacts\results\paper_e3_tracking\summary_aggregate.csv","3538","238250D78C7A92AFEE632F298377993DD810C32F19A862336E5863B54EB752DE","True"
"results\paper_e3_tracking\summary.csv","D:\project\bylw\artifacts\results\paper_e3_tracking\summary.csv","10509","79086F64C502F17C8EF3436B829A561BD0A54DC998A9461C3C4C3357534FB77A","True"
"results\paper_e3_tracking\tracking_dynamic.pdf","D:\project\bylw\artifacts\results\paper_e3_tracking\tracking_dynamic.pdf","49140","1578553DC551973B98FDDB3EC4ADFE36B48D12FE85AF24D13A37F8825659E9DF","True"
"results\paper_e3_tracking\tracking_dynamic.png","D:\project\bylw\artifacts\results\paper_e3_tracking\tracking_dynamic.png","319968","E383DF0ABA0860763942EC43C0606D06C11C31788BAC0818E77B771E66B75082","True"
"results\paper_e3_tracking\tracking_dynamic.svg","D:\project\bylw\artifacts\results\paper_e3_tracking\tracking_dynamic.svg","63181","6EDBF6B4AD75CDAE51C48BF40058A8E3B1F319A9EE44558A790409BBF99CFB93","True"
"results\paper_e3_tracking\tracking_expected.pdf","D:\project\bylw\artifacts\results\paper_e3_tracking\tracking_expected.pdf","50094","3095094CDEB90BB41F33F9186B508CF3BAFA25E0575FC66B5314AA75227B3CA8","True"
"results\paper_e3_tracking\tracking_expected.png","D:\project\bylw\artifacts\results\paper_e3_tracking\tracking_expected.png","352093","29529B6AD6E0373504EA4AEE3A3C6BFE4BC4D5FB3EDD49C3DC77EFDA497C99E8","True"
"results\paper_e3_tracking\tracking_expected.svg","D:\project\bylw\artifacts\results\paper_e3_tracking\tracking_expected.svg","62830","A0082CCC7B4177F84C35B4F789BA0E9DEE6394BB8E9973AD41CE8A1207EF6F30","True"
"results\paper_e3_tracking\tracking_exponential.pdf","D:\project\bylw\artifacts\results\paper_e3_tracking\tracking_exponential.pdf","49672","3C1FE6F39AB56A848ECE4518DAAF4833E22F86325EE32309173B14B27501C926","True"
"results\paper_e3_tracking\tracking_exponential.png","D:\project\bylw\artifacts\results\paper_e3_tracking\tracking_exponential.png","340833","04171E290B0E5EB062BBE4D3A8792DA87F157DF5A5F8526B69F07EFF2203F59A","True"
"results\paper_e3_tracking\tracking_exponential.svg","D:\project\bylw\artifacts\results\paper_e3_tracking\tracking_exponential.svg","62744","8649E1D4FA557ED914A31DD728333853E84749E775AF63EA6056FF14153D51C4","True"
"results\paper_e3_tracking\tracking_static.pdf","D:\project\bylw\artifacts\results\paper_e3_tracking\tracking_static.pdf","48023","C9F3A494BAA83ABBA10977027FA244E760A12E29821085042E10D5912EE59F23","True"
"results\paper_e3_tracking\tracking_static.png","D:\project\bylw\artifacts\results\paper_e3_tracking\tracking_static.png","343558","D6BE545C2ECAAB8FC5C1B59834BD8F9887313E7A2E4C44F03B97FD2866393ADA","True"
"results\paper_e3_tracking\tracking_static.svg","D:\project\bylw\artifacts\results\paper_e3_tracking\tracking_static.svg","61596","E8403D61492552248BD91FCCA98FB91FE90D0B9BCE76050CCD096897F7584410","True"
"results\paper_e3_tracking\tracking_symmetric.pdf","D:\project\bylw\artifacts\results\paper_e3_tracking\tracking_symmetric.pdf","49486","F4894271DC0349042AC1A106878AB78306EFADE705CDF06C66A8D8366216A09F","True"
"results\paper_e3_tracking\tracking_symmetric.png","D:\project\bylw\artifacts\results\paper_e3_tracking\tracking_symmetric.png","311672","8C386FD7E500BE14B03167555DF1F5AA78B1ABCD885F55B6258C70E24B6B5DA7","True"
"results\paper_e3_tracking\tracking_symmetric.svg","D:\project\bylw\artifacts\results\paper_e3_tracking\tracking_symmetric.svg","64236","A0C5A521F1C91C704CBC6A8552E82EE037A8376554D5171A4F0A5E10623C8622","True"
"results\paper_e4_validation\experiment4_ablation_sensitivity.pdf","D:\project\bylw\artifacts\results\paper_e4_validation\experiment4_ablation_sensitivity.pdf","42392","842877E72EE70569C558636C6B14925CF789BDFFEC5106C7D91E678D31BBF16B","True"
"results\paper_e4_validation\experiment4_ablation_sensitivity.png","D:\project\bylw\artifacts\results\paper_e4_validation\experiment4_ablation_sensitivity.png","265795","9881A75A28DB595CFA8D4D1587D641F6A2BC9D042ED28E8132C6652E45053431","True"
"results\paper_e4_validation\experiment4_ablation_sensitivity.svg","D:\project\bylw\artifacts\results\paper_e4_validation\experiment4_ablation_sensitivity.svg","36855","8AB093FBD21844AA14DAA441C9AB657CE260E2160D36DFC2AEDD7B076BEC0F5F","True"
"results\paper_e4_validation\manifest.json","D:\project\bylw\artifacts\results\paper_e4_validation\manifest.json","3699","BD28722A1E1F8A785575605F21848CF87E7720D55BB1D01E57874E9E8929447D","True"
"results\paper_e4_validation\selected_config.json","D:\project\bylw\artifacts\results\paper_e4_validation\selected_config.json","817","32B485BF133D1C18ACDF5A6A063F0F5F0ECA12CD95CF8870C1B0496D391EB790","True"
"results\paper_e4_validation\sensitivity.csv","D:\project\bylw\artifacts\results\paper_e4_validation\sensitivity.csv","13757","26538D8D578788CAC83F8B31B271614A0B1D0516EAA0759B54389770BCA4F499","True"
"results\paper_e4_validation\validation_ranking.csv","D:\project\bylw\artifacts\results\paper_e4_validation\validation_ranking.csv","216","5B90BE0CC8808CBD1AFDBE4FCDB222D4A3D0DEAA2956B94E10E4384BA755BF89","True"
"results\paper_e4_validation\case_000\daily.csv","D:\project\bylw\artifacts\results\paper_e4_validation\case_000\daily.csv","234227","DB585E64DDC62B894A3FDBFE1B136168C2FF41BBB4CA77186BFF6E2C85C0ABAA","True"
"results\paper_e4_validation\case_000\episodes.csv","D:\project\bylw\artifacts\results\paper_e4_validation\case_000\episodes.csv","233180","FB59F2145C716CD6D9F17AD9C9CBBC5076556AA00ED64509E53E8703EB7D3343","True"
"results\paper_e4_validation\case_000\summary_aggregate.csv","D:\project\bylw\artifacts\results\paper_e4_validation\case_000\summary_aggregate.csv","1109","4470CF5BC2A7D13B618EB26F913FA7B38C38B75B5F2B01CB70E9B09ABB84A7C6","True"
"results\paper_e4_validation\case_000\summary.csv","D:\project\bylw\artifacts\results\paper_e4_validation\case_000\summary.csv","649","BEDE68FC774270E55D5F02452C5241FFB30146AD38AF9B8208AF0FC51C64213F","True"
"results\paper_e4_validation\case_001\daily.csv","D:\project\bylw\artifacts\results\paper_e4_validation\case_001\daily.csv","247154","05E9C554DDDDD3062DD03A7C06530EFBD425A9C67AB38BA563132731DCED41D0","True"
"results\paper_e4_validation\case_001\episodes.csv","D:\project\bylw\artifacts\results\paper_e4_validation\case_001\episodes.csv","236172","756C2BD4D047615DFA7CDBF6EAED2B5BB2ED24DE4021B57EF3257B09AB918520","True"
"results\paper_e4_validation\case_001\summary_aggregate.csv","D:\project\bylw\artifacts\results\paper_e4_validation\case_001\summary_aggregate.csv","1109","A54C0E75B8E8B0536E5197E81E23BF1D896E9FB571ACB8A83E1C81B0D0FD2CD3","True"
"results\paper_e4_validation\case_001\summary.csv","D:\project\bylw\artifacts\results\paper_e4_validation\case_001\summary.csv","651","0720A7F1274EFEC8C62251059D63BCC7465FB325A60F0F9DDB7EC777DB2BF0C5","True"
"results\paper_e4_validation\case_002\daily.csv","D:\project\bylw\artifacts\results\paper_e4_validation\case_002\daily.csv","247109","5C89AD184BB92D7A1ABF38538BE1630B418CA48E1F8B791885AF434D45C5A809","True"
"results\paper_e4_validation\case_002\episodes.csv","D:\project\bylw\artifacts\results\paper_e4_validation\case_002\episodes.csv","236336","A912060E3D75E6BDF4FBF463CED6ACC2BDEDF8FF4327867144A15BE9CACCBA34","True"
"results\paper_e4_validation\case_002\summary_aggregate.csv","D:\project\bylw\artifacts\results\paper_e4_validation\case_002\summary_aggregate.csv","1108","90C23A6D233E400465EB569EB40D7ED3F67D6154955E11716C1EF54FAF5BDE52","True"
"results\paper_e4_validation\case_002\summary.csv","D:\project\bylw\artifacts\results\paper_e4_validation\case_002\summary.csv","646","E097B3DAF29EA86278C5CA5C3B84D49C139BD056DC9BC8FD734196D3E762FC4A","True"
"results\paper_e4_validation\case_003\daily.csv","D:\project\bylw\artifacts\results\paper_e4_validation\case_003\daily.csv","247085","2B0F9BAA2B83F534C62A27F8AFF6932C45A4FCDEB3E0890FC7EA7AA5FE0E4A1A","True"
"results\paper_e4_validation\case_003\episodes.csv","D:\project\bylw\artifacts\results\paper_e4_validation\case_003\episodes.csv","236350","5EE3DBE04E544A080B6B7AD7C6EF39BA2DE3DC2E7FDAF82BF7DE2DCB94F8E521","True"
"results\paper_e4_validation\case_003\summary_aggregate.csv","D:\project\bylw\artifacts\results\paper_e4_validation\case_003\summary_aggregate.csv","1112","16B449B9DAC31062E2B5C2B64CB9333699EE6ACF179E26349E3C0B1DA624113F","True"
"results\paper_e4_validation\case_003\summary.csv","D:\project\bylw\artifacts\results\paper_e4_validation\case_003\summary.csv","652","895C62B16AA20FF9882D855DF3565BC858152C1F20FA6A7D5D71BEC4A699AFD0","True"
"results\paper_e4_validation\case_004\daily.csv","D:\project\bylw\artifacts\results\paper_e4_validation\case_004\daily.csv","247115","47FF19C10F75F97CD3E75600AFE27394ACCDB3A0F7BFB33E83047280AB71D27E","True"
"results\paper_e4_validation\case_004\episodes.csv","D:\project\bylw\artifacts\results\paper_e4_validation\case_004\episodes.csv","236621","E04DF590C42A206279E1D8E47CC56B2FBBC4AD505F90AC8CF938188905916CF1","True"
"results\paper_e4_validation\case_004\summary_aggregate.csv","D:\project\bylw\artifacts\results\paper_e4_validation\case_004\summary_aggregate.csv","1107","FDE112D3A575E569A094A4D0FC09D29C77C98BEA4A0469A3613E6AF091AC7E91","True"
"results\paper_e4_validation\case_004\summary.csv","D:\project\bylw\artifacts\results\paper_e4_validation\case_004\summary.csv","643","40C5C7717D3C953781B7B5B64DCDDFD7C8E0796F46E6C2E14BA06B2636A88EA6","True"
"results\paper_e4_validation\case_005\daily.csv","D:\project\bylw\artifacts\results\paper_e4_validation\case_005\daily.csv","251973","D1CC89D2A9C89A683A94A2E116BCCFFCBE72B58024BAECE1EB0EF4D7AC459544","True"
"results\paper_e4_validation\case_005\episodes.csv","D:\project\bylw\artifacts\results\paper_e4_validation\case_005\episodes.csv","237196","3476F2852D9DC88FD3C53FA9242FAE6E006ABBCEDB9B62102379595FAD028727","True"
"results\paper_e4_validation\case_005\summary_aggregate.csv","D:\project\bylw\artifacts\results\paper_e4_validation\case_005\summary_aggregate.csv","1112","CA28F313A12A144E86161F4B96C61F129D2B6E9D52079B358A9D98703DE75684","True"
"results\paper_e4_validation\case_005\summary.csv","D:\project\bylw\artifacts\results\paper_e4_validation\case_005\summary.csv","651","9394F79285EF8407C2E9A26BB34884212A11250211289151E0B668E7B1B953A5","True"
"results\paper_e4_validation\case_006\daily.csv","D:\project\bylw\artifacts\results\paper_e4_validation\case_006\daily.csv","251987","9268146CFFFB687D4D92372D248F06A3E5868507E67116F26CB62C7509E0355A","True"
"results\paper_e4_validation\case_006\episodes.csv","D:\project\bylw\artifacts\results\paper_e4_validation\case_006\episodes.csv","238011","0BDA1A8D09429DA22F118FA46EACE8D885C184EE9598FD6E5C29FF624319A125","True"
"results\paper_e4_validation\case_006\summary_aggregate.csv","D:\project\bylw\artifacts\results\paper_e4_validation\case_006\summary_aggregate.csv","1110","F8A2FA08EDE7EEF6D244F66D6891591AE2ADE71AAB11164502EEB45D5FB45AE4","True"
"results\paper_e4_validation\case_006\summary.csv","D:\project\bylw\artifacts\results\paper_e4_validation\case_006\summary.csv","648","459F94018BC392F6DD71AC46B2E1815A2947BF5B1B70EA1C9EE2C9C98F05CC28","True"
"results\paper_e4_validation\case_007\daily.csv","D:\project\bylw\artifacts\results\paper_e4_validation\case_007\daily.csv","252075","D98613030647D09791AE94362D3367F46E8BB8F437A235240F230C8A08FADA19","True"
"results\paper_e4_validation\case_007\episodes.csv","D:\project\bylw\artifacts\results\paper_e4_validation\case_007\episodes.csv","239107","DD06FA273F33F84BF73E0326B22B6D1E0C124EB3C594466C9594204CF8A1CB1A","True"
"results\paper_e4_validation\case_007\summary_aggregate.csv","D:\project\bylw\artifacts\results\paper_e4_validation\case_007\summary_aggregate.csv","1109","F2ABAF8986833366B4642AA3CE9852263CD69BA556EF4ECA75A0E1E4496A09D0","True"
"results\paper_e4_validation\case_007\summary.csv","D:\project\bylw\artifacts\results\paper_e4_validation\case_007\summary.csv","648","CA6FF07AC76AD667A018A37E5278D722A672C591C89ADACC5367A1808B1D4CF6","True"
"results\paper_e4_validation\case_008\daily.csv","D:\project\bylw\artifacts\results\paper_e4_validation\case_008\daily.csv","252121","FB4F2A2241B0ACCB80C4B3B8FE2527D9D4847D200EE5BE97BF240A4B97091553","True"
"results\paper_e4_validation\case_008\episodes.csv","D:\project\bylw\artifacts\results\paper_e4_validation\case_008\episodes.csv","239869","9A8CEE2C8161B341AC8D4E31B882C1061869DFA83262890D4F0FE5077771FF8D","True"
"results\paper_e4_validation\case_008\summary_aggregate.csv","D:\project\bylw\artifacts\results\paper_e4_validation\case_008\summary_aggregate.csv","1108","986575F0A57CF7FF822C306BB3CAE96B07270397836820126D49B260E1E150A6","True"
"results\paper_e4_validation\case_008\summary.csv","D:\project\bylw\artifacts\results\paper_e4_validation\case_008\summary.csv","648","876A25CA6FAD26C94E63ECCB1925C5B9A7A1B259C95317D2D2045C8F34EC6A84","True"
"results\paper_e4_validation\case_009\daily.csv","D:\project\bylw\artifacts\results\paper_e4_validation\case_009\daily.csv","252222","3F880E37644FB8C5F2A04907E741D26CC564701418DE2E3B9A2E78A131F80965","True"
"results\paper_e4_validation\case_009\episodes.csv","D:\project\bylw\artifacts\results\paper_e4_validation\case_009\episodes.csv","240653","8B4FF511737A2B5C81EFB5ABF2B0F5115075CE209F59135A464772B6E3BFB49C","True"
"results\paper_e4_validation\case_009\summary_aggregate.csv","D:\project\bylw\artifacts\results\paper_e4_validation\case_009\summary_aggregate.csv","1111","0F076046EBBFDDF411AA4C804A6F020C6F75E88D5D67802ABFFD2BEAD5B74424","True"
"results\paper_e4_validation\case_009\summary.csv","D:\project\bylw\artifacts\results\paper_e4_validation\case_009\summary.csv","651","AB59E61EC02D968D1C793345AB015B8A2EDF53B0C95EB993F5078B577AFAB63E","True"
"results\paper_e4_validation\case_010\daily.csv","D:\project\bylw\artifacts\results\paper_e4_validation\case_010\daily.csv","251572","86ED98DBB5AC5D414D30E3B7F043C6A0BD18275A8CD19FD413E58B4F05390B14","True"
"results\paper_e4_validation\case_010\episodes.csv","D:\project\bylw\artifacts\results\paper_e4_validation\case_010\episodes.csv","237809","5F23D0240A0846B1743C0EDE2303A1CA0B19CE1B684A1F0F0B2124B206052F6A","True"
"results\paper_e4_validation\case_010\summary_aggregate.csv","D:\project\bylw\artifacts\results\paper_e4_validation\case_010\summary_aggregate.csv","1104","3E2F16055A9AF4312B1650D71136035F735E8C12DC03B2E433FC35BF2AD30F01","True"
"results\paper_e4_validation\case_010\summary.csv","D:\project\bylw\artifacts\results\paper_e4_validation\case_010\summary.csv","642","B4BABFB651650EF139E3B57A6436E344B082279CDAE656FA47ACA4C0463D57CC","True"
"results\paper_e4_validation\case_011\daily.csv","D:\project\bylw\artifacts\results\paper_e4_validation\case_011\daily.csv","252104","DC118BDB74422A4D875C9680B65D530374B23646352D0A2D3BEC7AADA606D6CD","True"
"results\paper_e4_validation\case_011\episodes.csv","D:\project\bylw\artifacts\results\paper_e4_validation\case_011\episodes.csv","239193","F126D1CD9AF55A09CEB585CC01218EBB7466174DF275C09D4C63FBF474D692E6","True"
"results\paper_e4_validation\case_011\summary_aggregate.csv","D:\project\bylw\artifacts\results\paper_e4_validation\case_011\summary_aggregate.csv","1110","42A12D24DB454BAC3AE6A586146F2488F879B8CDD6C2E65E25D675A58125385C","True"
"results\paper_e4_validation\case_011\summary.csv","D:\project\bylw\artifacts\results\paper_e4_validation\case_011\summary.csv","653","ACC5F3C4E0202D5F490FE4C89A873B983F4171F288F4D23F9853634D8E27F65A","True"
"results\paper_e4_validation\case_012\daily.csv","D:\project\bylw\artifacts\results\paper_e4_validation\case_012\daily.csv","252284","0ACA203697891015C40D24F93BE0127853EF117E7DECE79619B22EB842C09B36","True"
"results\paper_e4_validation\case_012\episodes.csv","D:\project\bylw\artifacts\results\paper_e4_validation\case_012\episodes.csv","240078","7105D2502CA7243283E7D8232BDFCAC4F9A7C314DEC3933FD0A51B7542A868EF","True"
"results\paper_e4_validation\case_012\summary_aggregate.csv","D:\project\bylw\artifacts\results\paper_e4_validation\case_012\summary_aggregate.csv","1112","1A29CD9CACBFEB2EFC32BF7248922CDD1455936D769E7887E8C9147F78E3EEAD","True"
"results\paper_e4_validation\case_012\summary.csv","D:\project\bylw\artifacts\results\paper_e4_validation\case_012\summary.csv","652","4E37B68D0F72C37D772AF77CB26B5174E8009EB976CA2B2011B6AEE7F92F9A68","True"
"results\paper_e4_validation\case_013\daily.csv","D:\project\bylw\artifacts\results\paper_e4_validation\case_013\daily.csv","252323","80570CF0F959D42A7F3162A0BF77A38E7084E4C2A1051BE49074907D5C2BFCB4","True"
"results\paper_e4_validation\case_013\episodes.csv","D:\project\bylw\artifacts\results\paper_e4_validation\case_013\episodes.csv","241409","BC12F461B74C8AB9ED0E7F43F193675372C0BF0B34F8100F08815E9CCCEE1946","True"
"results\paper_e4_validation\case_013\summary_aggregate.csv","D:\project\bylw\artifacts\results\paper_e4_validation\case_013\summary_aggregate.csv","1112","99DC19F7DC05B8F2F38428007EBD5FDC12B98523113D78D23379B03C4422C80B","True"
"results\paper_e4_validation\case_013\summary.csv","D:\project\bylw\artifacts\results\paper_e4_validation\case_013\summary.csv","647","A36BA831829FA96BC2A7B3D57646C6A068818D5A4D3039CA27B5C84C139A80C6","True"
"results\paper_e4_validation\case_014\daily.csv","D:\project\bylw\artifacts\results\paper_e4_validation\case_014\daily.csv","252398","A5201F60A4332427F65FA7EBA454796EE5E9572F52513BA000609A3CCE39C7C2","True"
"results\paper_e4_validation\case_014\episodes.csv","D:\project\bylw\artifacts\results\paper_e4_validation\case_014\episodes.csv","242308","FEA315360DC55E7786AE9F3EFBD62BF7A5833DC9B60DC412643EB0538EAA45BC","True"
"results\paper_e4_validation\case_014\summary_aggregate.csv","D:\project\bylw\artifacts\results\paper_e4_validation\case_014\summary_aggregate.csv","1109","A06D175306796C2E9EAF5551F297D77F5C0620E3A97D0369B21F2A66A7E7160D","True"
"results\paper_e4_validation\case_014\summary.csv","D:\project\bylw\artifacts\results\paper_e4_validation\case_014\summary.csv","647","7444456219DCD5AB0C521A805C60B1E9506354046E0598DAD517C04E9B0C2D4F","True"
"results\paper_e4_validation\case_015\daily.csv","D:\project\bylw\artifacts\results\paper_e4_validation\case_015\daily.csv","251920","20F14C5F15760D501A52AD779BBD57A8B4F2F52CAD874D799D122034DBE5C715","True"
"results\paper_e4_validation\case_015\episodes.csv","D:\project\bylw\artifacts\results\paper_e4_validation\case_015\episodes.csv","237801","74BB75A967CA31126BADC89593AAC0CD2EA1908BAF4617D9637FB780D262FEB6","True"
"results\paper_e4_validation\case_015\summary_aggregate.csv","D:\project\bylw\artifacts\results\paper_e4_validation\case_015\summary_aggregate.csv","1107","2E1921DDD8721C3F40DEDC03E69C5425480A93130E9EA3BDD66A535806A92097","True"
"results\paper_e4_validation\case_015\summary.csv","D:\project\bylw\artifacts\results\paper_e4_validation\case_015\summary.csv","648","CCACA9E2E36A73B2A948B9A30A69A4361A91417D440376790A4C4F08BAAE7CD5","True"
"results\paper_e4_validation\case_016\daily.csv","D:\project\bylw\artifacts\results\paper_e4_validation\case_016\daily.csv","252215","61425125EFCBF034813AB84ECB77BA5C492B5AFFFD702B8FAB2B5A72D4E58903","True"
"results\paper_e4_validation\case_016\episodes.csv","D:\project\bylw\artifacts\results\paper_e4_validation\case_016\episodes.csv","239250","D1489369D0E64A5EFFFDEF937BC7FE71DCB4620075359AB5FAD64EBED23765BE","True"
"results\paper_e4_validation\case_016\summary_aggregate.csv","D:\project\bylw\artifacts\results\paper_e4_validation\case_016\summary_aggregate.csv","1114","CF12EA91F4D6A37C6DFEFBC1A992E9A8D6EC97CDEEE5B97C8622FE5F5477A53A","True"
"results\paper_e4_validation\case_016\summary.csv","D:\project\bylw\artifacts\results\paper_e4_validation\case_016\summary.csv","647","8596ED4F59DC17B34D18EC2C7AEE0371ADCFFD9C8312F633C64DC9C856A89829","True"
"results\paper_e4_validation\case_017\daily.csv","D:\project\bylw\artifacts\results\paper_e4_validation\case_017\daily.csv","252249","F00BB0A27D67B230CDA5A10FA0775B7765C036168C59656119E144DE542A464A","True"
"results\paper_e4_validation\case_017\episodes.csv","D:\project\bylw\artifacts\results\paper_e4_validation\case_017\episodes.csv","240237","D857A64A5ABE8D3D244FB46D3981745411C2949E2DBFF981F72E332E44024237","True"
"results\paper_e4_validation\case_017\summary_aggregate.csv","D:\project\bylw\artifacts\results\paper_e4_validation\case_017\summary_aggregate.csv","1113","89FE969F752DD1D6EF43C2E5B1CD6D19615A6E98CD6E1D700FDF880CF590A834","True"
"results\paper_e4_validation\case_017\summary.csv","D:\project\bylw\artifacts\results\paper_e4_validation\case_017\summary.csv","650","4741694CD8460C7D8BFA0E13237C525C62FEA58E28D3E78122E2AFD5DBA2EC43","True"
"results\paper_e4_validation\case_018\daily.csv","D:\project\bylw\artifacts\results\paper_e4_validation\case_018\daily.csv","252299","98DA4216F6A6EA4AFBA4AD0B59C49EC1A43FCE0781A1D964F15A86000D13EC99","True"
"results\paper_e4_validation\case_018\episodes.csv","D:\project\bylw\artifacts\results\paper_e4_validation\case_018\episodes.csv","241992","1D19A59E5882A4CFAE2E4C41905416FE338341BD54C4F8286E60B07018480ACF","True"
"results\paper_e4_validation\case_018\summary_aggregate.csv","D:\project\bylw\artifacts\results\paper_e4_validation\case_018\summary_aggregate.csv","1111","B5D1C72AE276FF0B4C242F3820CEA4F95140B69FDAEF26030893B2E3CB93045C","True"
"results\paper_e4_validation\case_018\summary.csv","D:\project\bylw\artifacts\results\paper_e4_validation\case_018\summary.csv","647","C10D857FD5013E5E975E0B72EF5D1C94E96B3479201EF9076BA01CAB9F008E17","True"
"results\paper_e4_validation\case_019\daily.csv","D:\project\bylw\artifacts\results\paper_e4_validation\case_019\daily.csv","252428","2C7D15AE9D8FE61200DFBD5E6E0CACBD3965133245E92B3008951684C0FF12AB","True"
"results\paper_e4_validation\case_019\episodes.csv","D:\project\bylw\artifacts\results\paper_e4_validation\case_019\episodes.csv","243927","ADCC8D76C7A640600F01A848469A4EB5B66EB9C25486784BBAF2992458B662E9","True"
"results\paper_e4_validation\case_019\summary_aggregate.csv","D:\project\bylw\artifacts\results\paper_e4_validation\case_019\summary_aggregate.csv","1112","03D5FF575BCC3AECC00A911D92D6B9DA6D00D893C0D816F17A78CFECF0182CA9","True"
"results\paper_e4_validation\case_019\summary.csv","D:\project\bylw\artifacts\results\paper_e4_validation\case_019\summary.csv","648","7E80C783FB46D8521ECC457227D839EA5A60D12000C030E04847554467A206A9","True"
"results\paper_e4_validation\case_020\daily.csv","D:\project\bylw\artifacts\results\paper_e4_validation\case_020\daily.csv","251610","1E06D0444907A4AB2F1215A0D32DC99E66511C0AA23C10F4171B3D6199168678","True"
"results\paper_e4_validation\case_020\episodes.csv","D:\project\bylw\artifacts\results\paper_e4_validation\case_020\episodes.csv","236744","A217B3029D4B23421416868B82322C822A3DA4CE540B617122B338C5C1A92C68","True"
"results\paper_e4_validation\case_020\summary_aggregate.csv","D:\project\bylw\artifacts\results\paper_e4_validation\case_020\summary_aggregate.csv","1108","A8AEB6945C7AB7AA3F0A2F411298BE5D9481BBE1CE53A1A83B8C2594C5A5ECF5","True"
"results\paper_e4_validation\case_020\summary.csv","D:\project\bylw\artifacts\results\paper_e4_validation\case_020\summary.csv","652","46AF51397ABA6A39F9296CFA8AB1E06C9D4B886130D5DFE93919C285273EC293","True"
"results\paper_e4_validation\case_021\daily.csv","D:\project\bylw\artifacts\results\paper_e4_validation\case_021\daily.csv","251907","52B64E20E28BA76C4429BE4969F6A7D8068B95E5A6FBA06838AAE4251A215CB9","True"
"results\paper_e4_validation\case_021\episodes.csv","D:\project\bylw\artifacts\results\paper_e4_validation\case_021\episodes.csv","238481","8E9F3ADFD0E4228D778319E4D12E2ADD330C863DA7556629228F4166EC7D385A","True"
"results\paper_e4_validation\case_021\summary_aggregate.csv","D:\project\bylw\artifacts\results\paper_e4_validation\case_021\summary_aggregate.csv","1109","696903EBC813FBC9B31477AD00D38EDFCFD0182C50AC95A1F47962FCAA0C9F0C","True"
"results\paper_e4_validation\case_021\summary.csv","D:\project\bylw\artifacts\results\paper_e4_validation\case_021\summary.csv","649","507EE5EE9A60FEFFC61B3A5903D0F499EB317825D8718A474BE5F360C55697A3","True"
"results\paper_e4_validation\case_022\daily.csv","D:\project\bylw\artifacts\results\paper_e4_validation\case_022\daily.csv","252149","4E5DB5A227B1AB7092CF3589F1059419350C5CA01195914EF60132B485AE16EF","True"
"results\paper_e4_validation\case_022\episodes.csv","D:\project\bylw\artifacts\results\paper_e4_validation\case_022\episodes.csv","240037","9EE1135FFE7593F6ADCFD2E6130051D7088A442D50401B1C1B738766105BF360","True"
"results\paper_e4_validation\case_022\summary_aggregate.csv","D:\project\bylw\artifacts\results\paper_e4_validation\case_022\summary_aggregate.csv","1103","6B5C1F4527B15943DBBA386CE4486D4F5C3C3A909C4885B0E98C46120004A82B","True"
"results\paper_e4_validation\case_022\summary.csv","D:\project\bylw\artifacts\results\paper_e4_validation\case_022\summary.csv","648","2F16D2CCC2E38F84645E839CAA66FC60027B5FBB6546FA17E1D6866DF4CF5C5E","True"
"results\paper_e4_validation\case_023\daily.csv","D:\project\bylw\artifacts\results\paper_e4_validation\case_023\daily.csv","252327","A4C560650ADBFA65BA698929DF2BCD1525AC685496C349222C314BFAB1BEAFFE","True"
"results\paper_e4_validation\case_023\episodes.csv","D:\project\bylw\artifacts\results\paper_e4_validation\case_023\episodes.csv","241750","5DB690495A0FD2D92C2E1A5A176A37EDBEAA285E81D12B4EDB2867F0EA9DA63E","True"
"results\paper_e4_validation\case_023\summary_aggregate.csv","D:\project\bylw\artifacts\results\paper_e4_validation\case_023\summary_aggregate.csv","1111","800C996CF0D86D8EC44985F26977F08E105B88FCE39E7A347072BCCAF41F1C06","True"
"results\paper_e4_validation\case_023\summary.csv","D:\project\bylw\artifacts\results\paper_e4_validation\case_023\summary.csv","650","3E6F4D5C22231D9DB4BDF7689EEFFADADD75BB91B770BDF27BF384170C52D6AA","True"
"results\paper_e4_validation\case_024\daily.csv","D:\project\bylw\artifacts\results\paper_e4_validation\case_024\daily.csv","252240","917709079D1D08B056B5006E088DB2AE27E07C5B521E0116E5FEEFDE6364D9A8","True"
"results\paper_e4_validation\case_024\episodes.csv","D:\project\bylw\artifacts\results\paper_e4_validation\case_024\episodes.csv","244352","2E98C87EC7B3BA292E7EA4166C75B6606E3BE0BBBE834746DFDFD307395E14B2","True"
"results\paper_e4_validation\case_024\summary_aggregate.csv","D:\project\bylw\artifacts\results\paper_e4_validation\case_024\summary_aggregate.csv","1112","8711DC8A6C90D5514EA50CE89D155E6DDD4D4B88C899E51E615D6BFFA84902EC","True"
"results\paper_e4_validation\case_024\summary.csv","D:\project\bylw\artifacts\results\paper_e4_validation\case_024\summary.csv","651","A9F43C59EFA8EDD22C80A3F485CAFDC755028C35829216CBEEF0028BCDBB5CB5","True"
"results\paper_e4_validation\case_025\daily.csv","D:\project\bylw\artifacts\results\paper_e4_validation\case_025\daily.csv","253221","38655CBBBFC7087ED10DC347B7D61BD9BB63C2736FF94693B4C14C9AABA3F985","True"
"results\paper_e4_validation\case_025\episodes.csv","D:\project\bylw\artifacts\results\paper_e4_validation\case_025\episodes.csv","602876","405688660A8DB5E19B1F7BD9650EEE3A88BFF8BA95D84C80A7F0352400969A7A","True"
"results\paper_e4_validation\case_025\summary_aggregate.csv","D:\project\bylw\artifacts\results\paper_e4_validation\case_025\summary_aggregate.csv","1112","A7BB6BC8D491D582CBCF664C0B35C1DB6EFED86A7DC8A0EE0685AB8DC528C966","True"
"results\paper_e4_validation\case_025\summary.csv","D:\project\bylw\artifacts\results\paper_e4_validation\case_025\summary.csv","649","FE14E580AA9DDD2B3AB2D92FA96CC8E13EA44BAAE8F9D19176A33A551129C70F","True"
"results\paper_e4_validation\case_026\daily.csv","D:\project\bylw\artifacts\results\paper_e4_validation\case_026\daily.csv","252215","61425125EFCBF034813AB84ECB77BA5C492B5AFFFD702B8FAB2B5A72D4E58903","True"
"results\paper_e4_validation\case_026\episodes.csv","D:\project\bylw\artifacts\results\paper_e4_validation\case_026\episodes.csv","239250","D1489369D0E64A5EFFFDEF937BC7FE71DCB4620075359AB5FAD64EBED23765BE","True"
"results\paper_e4_validation\case_026\summary_aggregate.csv","D:\project\bylw\artifacts\results\paper_e4_validation\case_026\summary_aggregate.csv","1114","CF12EA91F4D6A37C6DFEFBC1A992E9A8D6EC97CDEEE5B97C8622FE5F5477A53A","True"
"results\paper_e4_validation\case_026\summary.csv","D:\project\bylw\artifacts\results\paper_e4_validation\case_026\summary.csv","647","8596ED4F59DC17B34D18EC2C7AEE0371ADCFFD9C8312F633C64DC9C856A89829","True"
"results\paper_e4_validation\case_027\daily.csv","D:\project\bylw\artifacts\results\paper_e4_validation\case_027\daily.csv","251228","07FAF2080420C73423BE7A4A8A309ABAC4F6C291721F84B96D6F985C81B3A61B","True"
"results\paper_e4_validation\case_027\episodes.csv","D:\project\bylw\artifacts\results\paper_e4_validation\case_027\episodes.csv","118528","E37FCD1C0638521DFC9D8AEA26AAD19684C4FDC9DD9F5C368C44BBFDCE7785C1","True"
"results\paper_e4_validation\case_027\summary_aggregate.csv","D:\project\bylw\artifacts\results\paper_e4_validation\case_027\summary_aggregate.csv","1115","54611A904CBC560ADDF3F8D535A852C34B73BE466129D052C39D3113677FC39C","True"
"results\paper_e4_validation\case_027\summary.csv","D:\project\bylw\artifacts\results\paper_e4_validation\case_027\summary.csv","651","88733910A287F0C3FA461B8BC52A578CAF27B1EDBB85117DBB413B04B839CA56","True"
"results\paper_e4_validation\case_028\daily.csv","D:\project\bylw\artifacts\results\paper_e4_validation\case_028\daily.csv","249170","E26F9C782621827B50FC719F691B3F060AD4B9996D60A8E95E6DF01F5412FAFC","True"
"results\paper_e4_validation\case_028\episodes.csv","D:\project\bylw\artifacts\results\paper_e4_validation\case_028\episodes.csv","46701","76FAFEFA4EC131AC04915E066A34C1CE8ACF6DBC55452B3F23F0060C08E16DF3","True"
"results\paper_e4_validation\case_028\summary_aggregate.csv","D:\project\bylw\artifacts\results\paper_e4_validation\case_028\summary_aggregate.csv","1107","DD9AE38BC49A4FFC9A960F9609022C61CF580A898DE52C43D336039ACFE1B4A8","True"
"results\paper_e4_validation\case_028\summary.csv","D:\project\bylw\artifacts\results\paper_e4_validation\case_028\summary.csv","652","DE25D93AEC1A85782B3DFF256D2FB2B72F07E705D19EC94694BE10871544FA4F","True"
"results\paper_e4_validation\case_029\daily.csv","D:\project\bylw\artifacts\results\paper_e4_validation\case_029\daily.csv","252321","0C38254BB0932816DB1B696BCB485DA46A1185DF8FD1E0EE60AC22EA9CD45C55","True"
"results\paper_e4_validation\case_029\episodes.csv","D:\project\bylw\artifacts\results\paper_e4_validation\case_029\episodes.csv","240854","D9FBF779721F86339DA118F618136CA3014E77A49AB02613CC68331A17642440","True"
"results\paper_e4_validation\case_029\summary_aggregate.csv","D:\project\bylw\artifacts\results\paper_e4_validation\case_029\summary_aggregate.csv","1117","8633A803F8E797E3D366C7ED4F3D43AFF2B3052B989CBD4B7B4247FE681B8BAE","True"
"results\paper_e4_validation\case_029\summary.csv","D:\project\bylw\artifacts\results\paper_e4_validation\case_029\summary.csv","652","DC996B59E16E9D9CFEAA34550464E2C6CC926F72C32A4EB44334207465F25126","True"
"results\paper_e4_validation\case_030\daily.csv","D:\project\bylw\artifacts\results\paper_e4_validation\case_030\daily.csv","252341","3A556D1776FA8D3024A6D7EB801E295EA3AD5856BA7BAFAC2F9E7A5AE8B95C1A","True"
"results\paper_e4_validation\case_030\episodes.csv","D:\project\bylw\artifacts\results\paper_e4_validation\case_030\episodes.csv","239956","72C17AB16344BAE9015CAFCA26DC779F6589A4DC4C81CDEB143B882E81797147","True"
"results\paper_e4_validation\case_030\summary_aggregate.csv","D:\project\bylw\artifacts\results\paper_e4_validation\case_030\summary_aggregate.csv","1108","AC1A2B5A7ECBAD8760AEB6CDD370E8FBD285F5C7B6377B929B4BB98480DB962A","True"
"results\paper_e4_validation\case_030\summary.csv","D:\project\bylw\artifacts\results\paper_e4_validation\case_030\summary.csv","652","F459ABA520B92C4C033DF2E1256314413E8AA4E27A997226B36289405EB45E43","True"
"results\paper_e4_validation\case_031\daily.csv","D:\project\bylw\artifacts\results\paper_e4_validation\case_031\daily.csv","252215","61425125EFCBF034813AB84ECB77BA5C492B5AFFFD702B8FAB2B5A72D4E58903","True"
"results\paper_e4_validation\case_031\episodes.csv","D:\project\bylw\artifacts\results\paper_e4_validation\case_031\episodes.csv","239250","D1489369D0E64A5EFFFDEF937BC7FE71DCB4620075359AB5FAD64EBED23765BE","True"
"results\paper_e4_validation\case_031\summary_aggregate.csv","D:\project\bylw\artifacts\results\paper_e4_validation\case_031\summary_aggregate.csv","1114","CF12EA91F4D6A37C6DFEFBC1A992E9A8D6EC97CDEEE5B97C8622FE5F5477A53A","True"
"results\paper_e4_validation\case_031\summary.csv","D:\project\bylw\artifacts\results\paper_e4_validation\case_031\summary.csv","647","8596ED4F59DC17B34D18EC2C7AEE0371ADCFFD9C8312F633C64DC9C856A89829","True"
"results\paper_e4_validation\case_032\daily.csv","D:\project\bylw\artifacts\results\paper_e4_validation\case_032\daily.csv","251783","22D0E509E8EBCD668559ED96EBBBC64EEF2B098016455ACBA89C10B0F26ED22E","True"
"results\paper_e4_validation\case_032\episodes.csv","D:\project\bylw\artifacts\results\paper_e4_validation\case_032\episodes.csv","238329","5321C60B049B5B336A1D471DFF5373CD7B535CAEF1E0705D64F020C49841A36C","True"
"results\paper_e4_validation\case_032\summary_aggregate.csv","D:\project\bylw\artifacts\results\paper_e4_validation\case_032\summary_aggregate.csv","1110","CA8A5B803F6BCB1ED3E9B68D3B114600839CF8FA7BDF47CD73452401C03DF0EF","True"
"results\paper_e4_validation\case_032\summary.csv","D:\project\bylw\artifacts\results\paper_e4_validation\case_032\summary.csv","651","AD2F2C1BCCCC8435486DFA4AE6EAE06ADC8E568BBC323B557A9761A823E9D19D","True"
"results\paper_e5_real_proxy\daily.csv","D:\project\bylw\artifacts\results\paper_e5_real_proxy\daily.csv","3499077","B388FD8EF6A1687C3EEBEB45EE174A6624C958393C32B824820950DB988C6958","True"
"results\paper_e5_real_proxy\episodes.csv","D:\project\bylw\artifacts\results\paper_e5_real_proxy\episodes.csv","3061110","F0325FA28357A6EB8B05B2AFCDF3301D4F45DB11A3D8CA8DA8FEBF8C77B34181","True"
"results\paper_e5_real_proxy\experiment5_real_quote_replay.pdf","D:\project\bylw\artifacts\results\paper_e5_real_proxy\experiment5_real_quote_replay.pdf","78490","119D03E047178438FF4AFEDA631C65A176864523E37ADDA357F792F4B0695950","True"
"results\paper_e5_real_proxy\experiment5_real_quote_replay.png","D:\project\bylw\artifacts\results\paper_e5_real_proxy\experiment5_real_quote_replay.png","580514","1DBF4CBE16F60B47CF5989F8F06837E2E8A42B040AF1B000BA1B80377F370AD6","True"
"results\paper_e5_real_proxy\experiment5_real_quote_replay.svg","D:\project\bylw\artifacts\results\paper_e5_real_proxy\experiment5_real_quote_replay.svg","203243","467BB3012100E932D85708228BB505EE0A2F20D771E94804C475D07A42E4C1CA","True"
"results\paper_e5_real_proxy\manifest.json","D:\project\bylw\artifacts\results\paper_e5_real_proxy\manifest.json","3862","9E294206A8383293B4D171D8D8BCE8F7DC6ABA6CB107C003680D28AAF8CA6394","True"
"results\paper_e5_real_proxy\summary_aggregate.csv","D:\project\bylw\artifacts\results\paper_e5_real_proxy\summary_aggregate.csv","3459","90E8E354114A76ECB3AE3BAD0759B56DB133F989453D31A8C84BD8ED80BA9E5C","True"
"results\paper_e5_real_proxy\summary.csv","D:\project\bylw\artifacts\results\paper_e5_real_proxy\summary.csv","10282","C1BF9E4E73705F4A31648378FDECBB29ED9D4A243C9836140E3E754821231D14","True"
"results\paper_e5_real_proxy\tracking_dynamic.pdf","D:\project\bylw\artifacts\results\paper_e5_real_proxy\tracking_dynamic.pdf","43911","23DCB0998CC8C7A86EB631C08E07F90B41966057D92CF4B37BE5EB3901339220","True"
"results\paper_e5_real_proxy\tracking_dynamic.png","D:\project\bylw\artifacts\results\paper_e5_real_proxy\tracking_dynamic.png","375633","C2A313542ADA91CDEB3AA84C3341923789BF10B768CC8BC4DF9F2C163D66EED6","True"
"results\paper_e5_real_proxy\tracking_dynamic.svg","D:\project\bylw\artifacts\results\paper_e5_real_proxy\tracking_dynamic.svg","43379","756CB38794EB8DBB6CF6E84C0859E4E7D43D2BC9678A53A6474DE28A78F7D73C","True"
"results\paper_e5_real_proxy\tracking_expected.pdf","D:\project\bylw\artifacts\results\paper_e5_real_proxy\tracking_expected.pdf","43212","95E46396A6B1137F7B5C0618152DAAF643EA7CDB88C2B2240877E09D411BB243","True"
"results\paper_e5_real_proxy\tracking_expected.png","D:\project\bylw\artifacts\results\paper_e5_real_proxy\tracking_expected.png","336773","6223842B42DF0C2B928732149EAEAAF88A84086526A3DC2B20F7AFBC0210B660","True"
"results\paper_e5_real_proxy\tracking_expected.svg","D:\project\bylw\artifacts\results\paper_e5_real_proxy\tracking_expected.svg","44584","5ED177FE3973CC6B0C8E68A33924A87EEABC0D181921C9F1140BC0755F9E8137","True"
"results\paper_e5_real_proxy\tracking_exponential.pdf","D:\project\bylw\artifacts\results\paper_e5_real_proxy\tracking_exponential.pdf","44884","21748CBB633283B0986241561F17F3E6649380AA94EC16E65E07FC476B703028","True"
"results\paper_e5_real_proxy\tracking_exponential.png","D:\project\bylw\artifacts\results\paper_e5_real_proxy\tracking_exponential.png","354898","F7A4940E3504CE682C68F6BDF18D5DD0491A7D953E55DD38AA6E028262A0834C","True"
"results\paper_e5_real_proxy\tracking_exponential.svg","D:\project\bylw\artifacts\results\paper_e5_real_proxy\tracking_exponential.svg","43290","59E02BBE145BD7B8C81DB6CC51F1D71A43DCB53891C9AFC35F82B69040F48A50","True"
"results\paper_e5_real_proxy\tracking_static.pdf","D:\project\bylw\artifacts\results\paper_e5_real_proxy\tracking_static.pdf","44142","6C415B3E3EBFA7B234600D50235F0E3C3AF5072682C705C9C8A8708CDBFB9BDA","True"
"results\paper_e5_real_proxy\tracking_static.png","D:\project\bylw\artifacts\results\paper_e5_real_proxy\tracking_static.png","345966","1D66CFC7642C41CBEE3FBB3E5C3B398A15894FAA599349E22EE901570E928628","True"
"results\paper_e5_real_proxy\tracking_static.svg","D:\project\bylw\artifacts\results\paper_e5_real_proxy\tracking_static.svg","43419","97550B5A64244924ECA8D574D707FC975E7A1DF19A5D8B948A71E071B14E7D54","True"
"results\paper_e5_real_proxy\tracking_symmetric.pdf","D:\project\bylw\artifacts\results\paper_e5_real_proxy\tracking_symmetric.pdf","44002","82E7A0BBEFD36AD6AC2C2329C21274878B655062FA5F7E984C8EDB9121BD2265","True"
"results\paper_e5_real_proxy\tracking_symmetric.png","D:\project\bylw\artifacts\results\paper_e5_real_proxy\tracking_symmetric.png","333982","D5F97E6B9C3E0DF1E08FAE2F8C9303076FB599943DD5026DD0F5F8D093ACCFA8","True"
"results\paper_e5_real_proxy\tracking_symmetric.svg","D:\project\bylw\artifacts\results\paper_e5_real_proxy\tracking_symmetric.svg","43442","1625143DF372F1231886D879F6C27B25A0E7D4F8F5941D7F353B58820A6AD9B8","True"
"reports\paper_results_analysis_20260913.md","D:\project\bylw\docs\paper_results_analysis_20260913.md","11149","357F40568009B8046463D576A8088D9266B40D1ACD7DDAD3DC0E86E6254FA520","True"
"reports\paper_e3_confirmation_analysis_20260914.md","D:\project\bylw\docs\paper_e3_confirmation_analysis_20260914.md","5967","1D2B528696325EFE11EC93FD4BF62DA6FE64439788C891622A78A73DE8C31649","True"
"reports\estimator_optimization_protocol.md","D:\project\bylw\docs\estimator_optimization_protocol.md","11446","AF7E5B98C49DB47C26B8F3D7DA003423554C0F33968B25AEA8E85460E9239B93","True"
"reports\EXPERIMENT_PLAN.md","D:\project\bylw\refine-logs\EXPERIMENT_PLAN.md","40053","F373291BF35342AC53A2242099661B5F8C8961B09B84381A161C318411AF88E3","True"
"source_snapshot\scripts\run_paper_experiments.py","D:\project\bylw\scripts\run_paper_experiments.py","24402","DBAB36AA5316A94FFB2F3EE268EB7312BB07D6167A3BE0D75FD806A8F2AFD1CF","True"
"source_snapshot\mvp_cpt_pg\paper_market.py","D:\project\bylw\mvp_cpt_pg\paper_market.py","15847","E71CA07B85B10D2D7DD920954C31B7BEE8B472BB0B75424047BE807607895E95","True"
"source_snapshot\mvp_cpt_pg\paper_experiments.py","D:\project\bylw\mvp_cpt_pg\paper_experiments.py","21993","9208DDA15D2257530A16E61826602C6E66A01DCB9DDABEE3F1F0AD5A563C5152","True"
"source_snapshot\mvp_cpt_pg\paper_figures.py","D:\project\bylw\mvp_cpt_pg\paper_figures.py","14606","76206AECCE4DF00D173146EAB31F85840E3BAF3500B7E610CFD6E487DA306B86","True"
"source_snapshot\mvp_cpt_pg\controlled_cpt.py","D:\project\bylw\mvp_cpt_pg\controlled_cpt.py","11414","9693DD15D77C8E5DEF33241F4CB51E5BB69E1D2E110B206B79D74144E018FBF3","True"
"source_snapshot\mvp_cpt_pg\synthetic_env.py","D:\project\bylw\mvp_cpt_pg\synthetic_env.py","59035","267EA5EE565BE5FA2B71948560D3366CC9616B3E22E3C40242B685BCF13B3D48","True"
"source_snapshot\mvp_cpt_pg\paper_estimator_diagnostics.py","D:\project\bylw\mvp_cpt_pg\paper_estimator_diagnostics.py","5472","4255367F22880102DC2A33BA2DA516B6372213649268BC50EF561173A7EB5FB0","True"
"inputs\paper_hs300.csv","D:\project\bylw\artifacts\inputs\paper_hs300.csv","2859399","D8B9BA67B6BF6FD43C2B83CFC5010C16E904302E9533C22D249166108020525E","True"
"inputs\paper_hs300.json","D:\project\bylw\artifacts\inputs\paper_hs300.json","343902","94EFCF25737DE90C662657272315D8D0576AE68CCDE3852538A7ACFDEFE3BA66","True"
