seed,episode,date,recorded_objective,objective_before,objective_after,update_gain
7,1,20250102,-0.0044595519820597,-0.00608059966250391,-0.006730863282189194,-0.0006502636196852839
7,2,20250109,-0.0232014112029583,-0.021894366372230613,-0.021902188861084422,-7.822488853809206e-06
7,3,20250116,-0.0145379693613069,-0.016345846474192512,-0.01680049455791989,-0.00045464808372737767
7,4,20250123,-0.0199535037028977,-0.01865092270366887,-0.018018964414117426,0.0006319582895514438
7,5,20250207,-0.005501710182871,-0.0018359806799355428,-0.0018839707007062938,-4.799002077075093e-05
7,6,20250214,-0.0037387004332753,-0.006142441041722024,-0.006508784038012413,-0.00036634299629038913
7,7,20250221,-0.0052376493255529,-0.00870513182569097,-0.009048665603768869,-0.000343533778077899
7,8,20250228,-0.0091252306233112,-0.008291958809914835,-0.0079462779408557,0.00034568086905913467
7,9,20250307,-0.009358553992659,-0.007853421559067047,-0.0083631202093576,-0.0005096986502905534
7,10,20250314,-0.0258148084005052,-0.02739420210200589,-0.02721853851526859,0.00017566358673730062
7,11,20250321,-0.0251874404646168,-0.024195728652684975,-0.023462599075288002,0.000733129577396973
7,12,20250328,-0.03745356620738,-0.03887760004044621,-0.039509963713237624,-0.0006323636727914167
7,13,20250407,-0.0630955175959833,-0.0599142522188961,-0.05935351980121006,0.0005607324176860398
7,14,20250414,-0.0956774960435029,-0.09766820268705298,-0.09763793858549309,3.026410155988757e-05
7,15,20250421,-0.0778504229429199,-0.07905091494064848,-0.07900321356407489,4.770137657358897e-05
7,16,20250428,-0.0562855588493707,-0.05170809446828718,-0.05172919086800504,-2.1096399717854264e-05
7,17,20250508,-0.0193146462003048,-0.020514197546279277,-0.021114223383980325,-0.000600025837701048
7,18,20250515,-0.0092000599596072,-0.00864213787329322,-0.008207192844696308,0.0004349450285969121
7,19,20250522,-0.015400019180457,-0.014708176787450455,-0.014521840937186021,0.00018633585026443453
7,20,20250529,-0.0376740157042575,-0.0396570680908001,-0.04057469409605646,-0.0009176260052563626
7,21,20250606,-0.0113863430482506,-0.01426087600279322,-0.013672006544536142,0.0005888694582570769
7,22,20250613,-0.0139603729549479,-0.014274476415126915,-0.014428127517067487,-0.00015365110194057174
7,23,20250620,-0.0313453524443757,-0.03175855724808576,-0.03209513698072704,-0.00033657973264127755
7,24,20250627,-0.0069911919433221,-0.010080239282045654,-0.0105487485435636,-0.0004685092615179468
7,25,20250704,-0.0036260646755022,-0.006647315046192467,-0.007387622021153931,-0.0007403069749614636
7,26,20250711,-0.0071799571322669,-0.004584025010673917,-0.00522835136134225,-0.0006443263506683335
7,27,20250718,-0.0126557204877538,-0.009985993409330027,-0.009710835390401273,0.0002751580189287537
7,28,20250725,4.685725274896496e-05,0.0030038510708863576,0.002735127885445823,-0.0002687231854405347
7,29,20250801,-0.0286166171244227,-0.028999324465671363,-0.02919273074681803,-0.00019340628114666858
7,30,20250808,-0.0126524212532318,-0.011328950829933042,-0.010646977504823945,0.0006819733251090965
7,31,20250815,-0.0165760533324732,-0.01727662252635583,-0.016651993727803748,0.0006246287985520807
7,32,20250822,-0.002076148758232,-0.004822568812485233,-0.004419152796509042,0.00040341601597619105
7,33,20250829,-0.0037841441376906,-0.0037432351999890784,-0.004176836064481687,-0.0004336008644926087
7,34,20250905,-0.0417867623128579,-0.04231716456178394,-0.04249000810757522,-0.00017284354579127914
7,35,20250912,0.0028640042329156,-0.0014661991776821412,-0.0021125416186128267,-0.0006463424409306855
7,36,20250919,-0.0119194500523802,-0.017214877146520965,-0.016212458780327725,0.0010024183661932404
7,37,20250926,-0.0002880316020953,-0.004764506524623558,-0.0055292011266619805,-0.0007646946020384224
7,38,20251013,-0.0145587030702406,-0.0138431551348155,-0.013336047650713988,0.000507107484101512
7,39,20251020,-0.0876199706124943,-0.08341568874785499,-0.08292942726042551,0.0004862614874294735
7,40,20251027,-0.0236224882034085,-0.027604243500329285,-0.02847859650235827,-0.0008743530020289859
7,41,20251103,-0.0235708512082945,-0.018447810648439224,-0.018061219794201992,0.0003865908542372322
7,42,20251110,-0.0170875924549874,-0.01959242184999602,-0.0195341839619508,5.823788804521987e-05
7,43,20251117,-0.0362803551813809,-0.038127260008105616,-0.03742322626694718,0.0007040337411584399
7,44,20251124,-0.1267363177335227,-0.1336410347287288,-0.13357434652983144,6.668819889735222e-05
7,45,20251201,-0.0686100723351266,-0.06575358303180905,-0.06622015625804946,-0.0004665732262404132
7,46,20251208,-0.0416461802661898,-0.04496797076470191,-0.045396401344389305,-0.0004284305796873958
7,47,20251215,-0.0420963759774413,-0.043850005583227714,-0.04377572362603562,7.428195719209191e-05
7,48,20251222,-0.0377944474644408,-0.03780572428192743,-0.0381568903350379,-0.0003511660531104674
7,49,20251229,-0.0051650218402005,-0.006976568995898987,-0.006467787555208281,0.000508781440690706
7,50,20260107,0.0024882463734073,0.003726861146337258,0.003657367616693231,-6.949352964402689e-05
7,51,20260114,-0.0041491524283774,-0.004511036565508782,-0.004352033045653051,0.00015900351985573095
7,52,20260121,-0.0150475169860001,-0.01222039050369687,-0.012363174312653198,-0.00014278380895632777
7,53,20260128,-0.0192388892425833,-0.020542578490246283,-0.019941056586330615,0.0006015219039156687
7,54,20260204,-0.0390282469774588,-0.0367219041246747,-0.037021112859174074,-0.00029920873449937324
7,55,20260211,-0.0170643101659355,-0.019579930581953453,-0.01955799250186776,2.1938080085694145e-05
7,56,20260226,-0.0156554964806275,-0.016250516560270326,-0.015623290667674757,0.000627225892595569
7,57,20260305,-0.0731830690918499,-0.08160419955673687,-0.0821233470900128,-0.0005191475332759349
7,58,20260312,-0.032340694803406,-0.03687292214724924,-0.03620059780996558,0.0006723243372836613
7,59,20260319,-0.0510928520371377,-0.050055166660240215,-0.05052497067336883,-0.00046980401312861353
7,60,20260326,-0.1062985829766405,-0.1097073042448668,-0.10933402495684175,0.0003732792880250524
7,61,20260402,-0.0798934565744666,-0.08261168041879294,-0.08216045356609973,0.0004512268526932067
7,62,20260410,-0.0516366875120463,-0.05298438903626356,-0.05272658630994015,0.00025780272632341256
7,63,20260417,-0.0137497563676488,-0.01516610492453183,-0.015486188754493563,-0.00032008382996173354
7,64,20260424,-0.0103897856665643,-0.015231361295655258,-0.015673987356872286,-0.00044262606121702776
7,65,20260506,-0.0108885014463723,-0.009705566254857316,-0.009315639540228425,0.0003899267146288913
7,66,20260513,-0.0073115963804121,-0.009133584231798846,-0.008846196275648862,0.0002873879561499839
7,67,20260520,-0.0308081409654163,-0.03579176745986834,-0.03541760871122708,0.00037415874864125953
29,1,20250102,-0.0065290400302389,-0.006050836837368253,-0.005596304656555019,0.00045453218081323386
29,2,20250109,-0.0213019185234328,-0.020064823285716266,-0.02005465039364025,1.0172892076016488e-05
29,3,20250116,-0.015542382226941,-0.01657386814330044,-0.016508935379618526,6.493276368191303e-05
29,4,20250123,-0.0170035970599686,-0.021462385229262724,-0.02136500154047048,9.738368879224496e-05
29,5,20250207,-0.0054132732884936,-0.004119954404478658,-0.00386610211989483,0.00025385228458382845
29,6,20250214,-0.0051903323948347,-0.003197531991228013,-0.002833374489862237,0.00036415750136577565
29,7,20250221,-0.0085733027216472,-0.008704131510487833,-0.008844549467803452,-0.00014041795731561946
29,8,20250228,-0.0061069352921457,-0.0058783017264743215,-0.006025190119992923,-0.00014688839351860179
29,9,20250307,-0.0040738077545832,-0.004979666820913806,-0.0056242988408084366,-0.0006446320198946302
29,10,20250314,-0.0171014393467409,-0.014773799639142124,-0.014210340105671616,0.0005634595334705079
29,11,20250321,-0.0140889710197809,-0.013529700235690365,-0.013606637507455544,-7.693727176517895e-05
29,12,20250328,-0.0167134589026622,-0.018818055045759126,-0.019347615323159206,-0.0005295602774000804
29,13,20250407,-0.0404076247382415,-0.0361429344507812,-0.03650097556488686,-0.00035804111410565886
29,14,20250414,-0.06881584066374,-0.0699806656635595,-0.0694246763238638,0.000555989339695695
29,15,20250421,-0.0503205802261735,-0.047966373980995666,-0.047384327071662916,0.0005820469093327507
29,16,20250428,-0.0385852967793952,-0.03760333359768443,-0.037411699801844014,0.00019163379584041795
29,17,20250508,-0.0156051508028336,-0.016425687248691628,-0.016388854752175816,3.6832496515811636e-05
29,18,20250515,-0.0006625766341899,-0.003115984836250165,-0.0031138025325795644,2.1823036706006965e-06
29,19,20250522,-0.0095149702084546,-0.010196274134246593,-0.010292045259794947,-9.57711255483544e-05
29,20,20250529,-0.026584011527034,-0.02548157294592235,-0.0262907034299306,-0.0008091304840082518
29,21,20250606,-0.0133546670088899,-0.012031086668984638,-0.012417825501260447,-0.00038673883227580835
29,22,20250613,-0.0093748007190214,-0.009936912507903264,-0.010162700274889327,-0.00022578776698606307
29,23,20250620,-0.0213234120395662,-0.02516634713235054,-0.024863249946477553,0.00030309718587298584
29,24,20250627,-0.0061041697318975,-0.004301288286079423,-0.0038711897482300965,0.0004300985378493261
29,25,20250704,-0.0050412980189881,-0.002546603372274185,-0.0032865749364595423,-0.0007399715641853571
29,26,20250711,0.0002107978573127,-0.0016520804191571675,-0.0013956552395559558,0.00025642517960121174
29,27,20250718,-0.007236106309707,-0.00913057695398208,-0.008952726286983341,0.00017785066699873946
29,28,20250725,0.0042179541648518,0.004353214341109192,0.004802003274364626,0.0004487889332554333
29,29,20250801,-0.0280451729287971,-0.027970550996613525,-0.028668573466063142,-0.0006980224694496176
29,30,20250808,-0.0147793377049387,-0.014644768208327661,-0.015446266547785335,-0.0008014983394576732
29,31,20250815,-0.0216208057864041,-0.019226665564413166,-0.019637929381706082,-0.0004112638172929159
29,32,20250822,-0.0021485339108547,-0.00500353931044617,-0.005268554723283858,-0.00026501541283768804
29,33,20250829,-0.0071001579329728,-0.005255164392964246,-0.005475202330196039,-0.00022003793723179323
29,34,20250905,-0.0363432204633456,-0.03879968288387628,-0.03823903682096322,0.0005606460629130616
29,35,20250912,-0.002908837943897,-0.00386756156764188,-0.0034900506587790155,0.0003775109088628645
29,36,20250919,-0.0257302692549538,-0.024596942617483374,-0.023992961481145963,0.0006039811363374101
29,37,20250926,-0.0168939331264356,-0.01751287092154604,-0.017039334547423887,0.0004735363741221535
29,38,20251013,-0.0061095867774448,-0.001730178110372342,-0.001120299876761554,0.0006098782336107882
29,39,20251020,-0.033477240195369,-0.03336193113730348,-0.03373576753142354,-0.0003738363941200584
29,40,20251027,-0.0147617858549367,-0.01722954277051857,-0.017996383543731672,-0.0007668407732131025
29,41,20251103,-0.0147867189632944,-0.01379755960822505,-0.013318833401402032,0.00047872620682301754
29,42,20251110,-0.0076161517934407,-0.008863241817988532,-0.008242965236598787,0.0006202765813897448
29,43,20251117,-0.0114380142035256,-0.012350551378452047,-0.012489142155346475,-0.0001385907768944282
29,44,20251124,-0.0746610836602652,-0.0786184437652917,-0.0789411207966395,-0.0003226770313477928
29,45,20251201,-0.0532026070169191,-0.05370936014606147,-0.05437066538534377,-0.0006613052392822963
29,46,20251208,-0.0475207943427609,-0.05063356474490835,-0.050846159701753546,-0.0002125949568451968
29,47,20251215,-0.061055737838791,-0.05797226589758301,-0.05764101079922668,0.00033125509835633254
29,48,20251222,-0.0368818504833216,-0.03678239357131536,-0.03745076663248819,-0.0006683730611728306
29,49,20251229,-0.0174375454664846,-0.014901841251761248,-0.015200961458191244,-0.0002991202064299963
29,50,20260107,0.005162672547936,0.00023357435722172817,0.0006270583639505917,0.0003934840067288635
29,51,20260114,-0.0073472973614844,-0.007097851253756974,-0.0074247207657184705,-0.00032686951196149623
29,52,20260121,-0.0110057608518517,-0.015500196140483058,-0.014832628802518219,0.0006675673379648393
29,53,20260128,-0.0162079820181886,-0.014018272921332604,-0.013092409549158857,0.0009258633721737474
29,54,20260204,-0.043706817126375,-0.03683227832370226,-0.03682056850930791,1.1709814394349205e-05
29,55,20260211,-0.0122809182452745,-0.011957476191256025,-0.011972086085231098,-1.4609893975073285e-05
29,56,20260226,-0.0111419835923074,-0.009440423023160439,-0.009062658976593203,0.00037776404656723536
29,57,20260305,-0.0571350490763625,-0.05524823998664273,-0.05544265582317135,-0.00019441583652862054
29,58,20260312,-0.0128784804223808,-0.014243508640653244,-0.01409818075804714,0.00014532788260610344
29,59,20260319,-0.0331917386722416,-0.029816661225563326,-0.029886658570863783,-6.999734530045709e-05
29,60,20260326,-0.0826543672084662,-0.07767095843493434,-0.07772351411561249,-5.255568067814853e-05
29,61,20260402,-0.07323408873219,-0.07244482917930943,-0.07230858879978928,0.00013624037952014723
29,62,20260410,-0.0785801547880564,-0.07694049803023469,-0.07693794942311914,2.5486071155433887e-06
29,63,20260417,-0.0328101930288192,-0.02797865742455456,-0.028044779174358193,-6.61217498036347e-05
29,64,20260424,-0.0405160778063059,-0.042964926700654896,-0.04276282571406574,0.00020210098658915432
29,65,20260506,-0.0168637749973085,-0.02310665199445401,-0.023153132197320125,-4.648020286611432e-05
29,66,20260513,-0.011367328843739,-0.013076659041623091,-0.01279223876398649,0.0002844202776366017
29,67,20260520,-0.0582691410212722,-0.0606408420212492,-0.060642646297198545,-1.804275949347789e-06
42,1,20250102,-0.0048680416296382,-0.006224014169338798,-0.006078832489986072,0.0001451816793527263
42,2,20250109,-0.0243317157883426,-0.02058454318718199,-0.020324375951994787,0.0002601672351872017
42,3,20250116,-0.0174424729090269,-0.014434136052461164,-0.014052275472656034,0.0003818605798051305
42,4,20250123,-0.0215273499633889,-0.015162203194440652,-0.015440199159236355,-0.00027799596479570303
42,5,20250207,-0.0027349089458101,-0.0029770517204039705,-0.0031366185790495226,-0.0001595668586455521
42,6,20250214,-0.0071706207172241,-0.005796359313573984,-0.005310517537640641,0.00048584177593334263
42,7,20250221,-0.0082186819357727,-0.006234991908004845,-0.006064682190004134,0.0001703097180007114
42,8,20250228,-0.0033570141971645,-0.005730350619200033,-0.005550585873318182,0.00017976474588185087
42,9,20250307,-0.0083548180054024,-0.00550553620438779,-0.005751420396547481,-0.00024588419215969097
42,10,20250314,-0.0138778069152671,-0.014882283643007293,-0.015320004805243509,-0.00043772116223621607
42,11,20250321,-0.0163760309466617,-0.012352749579295413,-0.012096169096496004,0.00025658048279940913
42,12,20250328,-0.0199942133657331,-0.019948573274723713,-0.01974754976914988,0.00020102350557383436
42,13,20250407,-0.0383628647769327,-0.038245616505751985,-0.037788731614064236,0.0004568848916877491
42,14,20250414,-0.0703679027397386,-0.0691983444220965,-0.06970881785956046,-0.0005104734374639514
42,15,20250421,-0.0477792462617446,-0.04684476982310495,-0.047091641166226564,-0.0002468713431216171
42,16,20250428,-0.0426190074506002,-0.04140357375833003,-0.040883089757877855,0.0005204840004521746
42,17,20250508,-0.015714482194242,-0.01532232522796054,-0.01588447277872612,-0.0005621475507655779
42,18,20250515,-0.0044268897546081,-0.004970394089754134,-0.004798593464501113,0.00017180062525302096
42,19,20250522,-0.0075063168249889,-0.012269715231097704,-0.01213601605070692,0.00013369918039078318
42,20,20250529,-0.0298074392661451,-0.03048816533007924,-0.030719585551109648,-0.0002314202210304088
42,21,20250606,-0.0111532810829772,-0.012629141631146205,-0.01264200626794326,-1.2864636797055642e-05
42,22,20250613,-0.0103999747623741,-0.012251878115789781,-0.012306377458007878,-5.449934221809713e-05
42,23,20250620,-0.0270055702266872,-0.02789738274716312,-0.02728030857468637,0.0006170741724767503
42,24,20250627,-0.0047988401211376,-0.006837508429079915,-0.007039241977548048,-0.00020173354846813284
42,25,20250704,-0.0053965833954823,-0.0036643292254580854,-0.003705952966027208,-4.16237405691227e-05
42,26,20250711,-0.0050342852570033,-0.004757896413949849,-0.004915112863242404,-0.0001572164492925545
42,27,20250718,-0.0073419869425749,-0.008911372053149144,-0.008344269178694408,0.0005671028744547359
42,28,20250725,0.0026393280173664,0.0032241672341917355,0.0029544074188032404,-0.00026975981538849506
42,29,20250801,-0.0257960789370693,-0.024724937534262387,-0.024595305462428933,0.00012963207183345343
42,30,20250808,-0.0105599542256147,-0.011655946039729474,-0.011634766392711658,2.1179647017815703e-05
42,31,20250815,-0.0103266499201893,-0.010777219121877629,-0.011196620114801836,-0.0004194009929242067
42,32,20250822,-0.0023169939942783,0.0010685476690217074,0.0014093441012042705,0.00034079643218256316
42,33,20250829,-0.0032884065799949,-0.004018371145720999,-0.004287190470474975,-0.00026881932475397545
42,34,20250905,-0.0326895584490738,-0.03132175067136629,-0.031196830035157837,0.00012492063620845456
42,35,20250912,-0.0035615859354871,-0.0037782099075140685,-0.004273554770042678,-0.0004953448625286093
42,36,20250919,-0.0261407582206467,-0.01963744477654676,-0.019160418912738557,0.0004770258638082045
42,37,20250926,-0.0118693728679936,-0.011845033471224327,-0.011883063884826187,-3.8030413601860755e-05
42,38,20251013,-0.0068484312554851,-0.007003923508667482,-0.006393777814470073,0.0006101456941974091
42,39,20251020,-0.0353545979059733,-0.035314280613351075,-0.03529998905213767,1.4291561213401749e-05
42,40,20251027,-0.0148750318326622,-0.013152598289077956,-0.013283101447982126,-0.0001305031589041699
42,41,20251103,-0.0128238730850871,-0.00990193750897305,-0.00934211377518784,0.0005598237337852106
42,42,20251110,-0.0068512176234811,-0.006033357283045101,-0.005934512325348928,9.884495769617307e-05
42,43,20251117,-0.0130827883212092,-0.012991667396004606,-0.012533398334936175,0.00045826906106843056
42,44,20251124,-0.0703416811423708,-0.06878130648479669,-0.06882176534074864,-4.045885595195531e-05
42,45,20251201,-0.0460213372984005,-0.04544148421821102,-0.04545299147809247,-1.1507259881443632e-05
42,46,20251208,-0.0292901285955846,-0.029035435559434077,-0.02923229370151716,-0.00019685814208308255
42,47,20251215,-0.0390843712538245,-0.038397954248375464,-0.038877612257866234,-0.00047965800949077014
42,48,20251222,-0.0250879114080448,-0.022559190472767915,-0.02220595397604107,0.0003532364967268435
42,49,20251229,-0.0100339956732358,-0.010576570739136528,-0.011197179282394977,-0.0006206085432584486
42,50,20260107,0.0023865521904075,0.0018097691849738333,0.0016154253089106863,-0.00019434387606314697
42,51,20260114,-0.0031335328331481,-0.002253259127201491,-0.0023720685016645274,-0.0001188093744630362
42,52,20260121,-0.008909066216655,-0.010530574401636262,-0.010993569229392054,-0.0004629948277557923
42,53,20260128,-0.0121175799817473,-0.017410364864524033,-0.018286639752080166,-0.0008762748875561326
42,54,20260204,-0.0295313252591204,-0.030411758889137944,-0.02981862466733835,0.0005931342217995947
42,55,20260211,-0.0109348963028679,-0.01078035343630284,-0.011056526270622742,-0.00027617283431990124
42,56,20260226,-0.0145491878730501,-0.012115741670802727,-0.012327841117037797,-0.00021209944623507004
42,57,20260305,-0.0503836622525243,-0.048627583180204575,-0.04837861692292807,0.0002489662572765089
42,58,20260312,-0.0118041639406748,-0.014431270040619879,-0.013900586910864047,0.0005306831297558316
42,59,20260319,-0.0294427463438716,-0.0317515629135317,-0.03201680813521812,-0.00026524522168642345
42,60,20260326,-0.0713442451492709,-0.07437012276163915,-0.0743101434706016,5.997929103755684e-05
42,61,20260402,-0.0659329869036227,-0.06447706681869564,-0.0651481199184378,-0.0006710530997421638
42,62,20260410,-0.0584914416147125,-0.05563018874040171,-0.05597258646852321,-0.0003423977281215018
42,63,20260417,-0.0150725795065486,-0.020403209415751227,-0.020943847559942518,-0.0005406381441912904
42,64,20260424,-0.0125170160542697,-0.015150060499508624,-0.015331827332805564,-0.00018176683329694
42,65,20260506,-0.010872361488137,-0.010820738120896017,-0.011298601685389034,-0.0004778635644930168
42,66,20260513,-0.0091190785512598,-0.010866954487273216,-0.011279364284268515,-0.0004124097969952986
42,67,20260520,-0.0220068410757025,-0.02240886660744025,-0.021521812365105183,0.0008870542423350669
101,1,20250102,-0.0067292001751517,-0.006581313396961985,-0.006268053585659704,0.0003132598113022812
101,2,20250109,-0.02195763050427,-0.02163858251317878,-0.02151355097923709,0.00012503153394169061
101,3,20250116,-0.0140347224996244,-0.014442974577921507,-0.01451992089187536,-7.694631395385385e-05
101,4,20250123,-0.0236071728943102,-0.019703944419902253,-0.020376634168846143,-0.0006726897489438902
101,5,20250207,-0.003519454248079,-0.004664432807169478,-0.005402191383885464,-0.0007377585767159855
101,6,20250214,-0.0060511884902255,-0.007560758082529781,-0.008367637471639424,-0.0008068793891096437
101,7,20250221,-0.0102541295492984,-0.00921871197711278,-0.008365977853283635,0.0008527341238291457
101,8,20250228,-0.0099779515022458,-0.015407422895047661,-0.01633056589927174,-0.0009231430042240772
101,9,20250307,-0.0144595548053176,-0.013935078010791795,-0.013861772443649369,7.330556714242598e-05
101,10,20250314,-0.0338904535844453,-0.03719849321999968,-0.03702673873644726,0.00017175448355241651
101,11,20250321,-0.031793928415707,-0.031096912150606382,-0.03120906696391386,-0.00011215481330747665
101,12,20250328,-0.0494089898102041,-0.049244785974730025,-0.050176205223981724,-0.0009314192492516984
101,13,20250407,-0.0731869961599966,-0.07254162012254482,-0.07348052966167885,-0.0009389095391340307
101,14,20250414,-0.1044678581951873,-0.10399748278749307,-0.10401231234245786,-1.4829554964790326e-05
101,15,20250421,-0.0852007052389733,-0.08884973866232862,-0.0883867269831732,0.0004630116791554256
101,16,20250428,-0.0806678437766768,-0.07554511788458695,-0.07540167058152776,0.00014344730305919373
101,17,20250508,-0.0359256381944206,-0.0395318338562302,-0.03947561895272904,5.621490350116165e-05
101,18,20250515,-0.0214260465446529,-0.021726183919440232,-0.021868717204320636,-0.00014253328488040423
101,19,20250522,-0.0313511133355015,-0.029835972935319845,-0.02943156308169955,0.0004044098536202939
101,20,20250529,-0.0618635992629126,-0.05744498675154567,-0.058101725168007476,-0.0006567384164618065
101,21,20250606,-0.0246757143290904,-0.02444901002876506,-0.02395996604882456,0.0004890439799404983
101,22,20250613,-0.0189044501320369,-0.018721766478119548,-0.018803638541346437,-8.18720632268892e-05
101,23,20250620,-0.0364521306767772,-0.03612306704125986,-0.03605356652876884,6.950051249101502e-05
101,24,20250627,-0.0109729565234857,-0.008238986020384084,-0.008699127968282573,-0.0004601419478984896
101,25,20250704,-0.0081060228540248,-0.007869977520925464,-0.009096771175933643,-0.0012267936550081782
101,26,20250711,0.0006974281881716,-0.0026339358215865458,-0.003701602249613172,-0.0010676664280266264
101,27,20250718,-0.0144375712782525,-0.015161973235416355,-0.014361345777707347,0.0008006274577090078
101,28,20250725,0.002975820101084,0.0011181946081611095,0.0015668446292469145,0.00044865002108580507
101,29,20250801,-0.0417414105056163,-0.042201889137905874,-0.042833609590812186,-0.000631720452906312
101,30,20250808,-0.0315136508859383,-0.03009595101100923,-0.03145399273622606,-0.0013580417252168284
101,31,20250815,-0.0395967861200616,-0.03369094095414245,-0.034274001107495046,-0.0005830601533525978
101,32,20250822,-0.0148333537090309,-0.013195222469007362,-0.0131915124689507,3.7100000566617913e-06
101,33,20250829,-0.0076176070940181,-0.007297732763626077,-0.006573423304363519,0.0007243094592625579
101,34,20250905,-0.0564892258707784,-0.05318117159826431,-0.05383195482980553,-0.0006507832315412188
101,35,20250912,-0.0044096003025112,-0.005132154980372894,-0.005300502507733954,-0.00016834752736106032
101,36,20250919,-0.0220580313881439,-0.020177780552664244,-0.02081579831453357,-0.0006380177618693257
101,37,20250926,0.0001516785984272,-0.009863197683799625,-0.010172304212693632,-0.0003091065288940067
101,38,20251013,-0.0240281321222962,-0.017827358542228472,-0.017651450397494883,0.00017590814473358862
101,39,20251020,-0.0922218763740483,-0.08488727591981966,-0.0838046342736144,0.0010826416462052652
101,40,20251027,-0.0240554974658566,-0.026886018035487524,-0.02754338829920406,-0.0006573702637165356
101,41,20251103,-0.0112326126561908,-0.015339544693066367,-0.014040534506960179,0.0012990101861061875
101,42,20251110,-0.0120803789726659,-0.011787578566489394,-0.01163916972446253,0.00014840884202686408
101,43,20251117,-0.0351358697090663,-0.03125372650171876,-0.03169198351853934,-0.00043825701682058404
101,44,20251124,-0.1321639591814588,-0.13994372892014628,-0.13933409694962312,0.0006096319705231612
101,45,20251201,-0.0648309467249586,-0.06423428622427076,-0.06464450342069293,-0.0004102171964221746
101,46,20251208,-0.0778467442430065,-0.07892825855625296,-0.07993399753390165,-0.0010057389776486902
101,47,20251215,-0.0738623834536485,-0.07380668495182928,-0.07286320382660201,0.000943481125227269
101,48,20251222,-0.0880645094130544,-0.08223430090770129,-0.08153914878332176,0.000695152124379525
101,49,20251229,-0.0086508591887901,-0.00587700102690753,-0.005011346053231586,0.0008656549736759441
101,50,20260107,0.0012005970311635,-0.0011490572262773877,-0.0005356309099786676,0.0006134263162987201
101,51,20260114,-0.0044699399498766,-0.007174402204308468,-0.007148371012978234,2.603119133023392e-05
101,52,20260121,-0.0093675711498621,-0.020770155518134832,-0.019720718426435607,0.0010494370916992249
101,53,20260128,-0.0169533273458914,-0.01583226398737994,-0.015809936385958248,2.2327601421692767e-05
101,54,20260204,-0.0346748111091035,-0.034151633883212094,-0.03449288170928111,-0.00034124782606901466
101,55,20260211,-0.0083229668870514,-0.013274872664448812,-0.012588488412197837,0.0006863842522509753
101,56,20260226,-0.0112481683424449,-0.009609553557803489,-0.009492100805288887,0.00011745275251460151
101,57,20260305,-0.0792554414880008,-0.07582625362219485,-0.07518395870332441,0.0006422949188704397
101,58,20260312,-0.0161214673919057,-0.02022747094949944,-0.020083693604783133,0.0001437773447163053
101,59,20260319,-0.0397343734352403,-0.039168010072227304,-0.03860268171785538,0.0005653283543719245
101,60,20260326,-0.0881805933744271,-0.09524889410935151,-0.09582959296071546,-0.0005806988513639422
101,61,20260402,-0.0872412775152814,-0.0870064325940864,-0.08708830214197584,-8.186954788944045e-05
101,62,20260410,-0.0829437124343657,-0.08409377940353828,-0.0842542895670258,-0.0001605101634875178
101,63,20260417,-0.0308437933481516,-0.031552435991394234,-0.032051795375491215,-0.0004993593840969812
101,64,20260424,-0.0370811523811578,-0.037786668912922684,-0.03843146214516717,-0.0006447932322444852
101,65,20260506,-0.0197840744301984,-0.02303678679624568,-0.023545666653571252,-0.0005088798573255719
101,66,20260513,-0.0219830150100501,-0.023158168738642113,-0.023502001432191926,-0.0003438326935498136
101,67,20260520,-0.1542570091042819,-0.14908832800918084,-0.14911027717820002,-2.194916901918087e-05
147,1,20250102,-0.0072831621380802,-0.006404364721525032,-0.006280942281481114,0.00012342244004391774
147,2,20250109,-0.0218030504927958,-0.022864817626258103,-0.022056992510695962,0.0008078251155621413
147,3,20250116,-0.0178010715557179,-0.015067722267003064,-0.014809853899880359,0.00025786836712270514
147,4,20250123,-0.0191249011456341,-0.020106059910093996,-0.020675940158653684,-0.0005698802485596885
147,5,20250207,-0.0052531067233079,-0.0053551946958972025,-0.0056588266503761146,-0.0003036319544789121
147,6,20250214,-0.0062742929877386,-0.0031283360821753575,-0.0027290725217007598,0.0003992635604745977
147,7,20250221,-0.006682856020196,-0.009000967492287638,-0.009225286476716929,-0.00022431898442929095
147,8,20250228,-0.0085403033332575,-0.007437777459218704,-0.007860487694737461,-0.000422710235518757
147,9,20250307,-0.0099385689370016,-0.009394601495437915,-0.009973166089452225,-0.0005785645940143101
147,10,20250314,-0.0193120316495911,-0.021632167002059173,-0.022394269119026554,-0.0007621021169673808
147,11,20250321,-0.0210331799607306,-0.02188556511591673,-0.0224284269180937,-0.0005428618021769693
147,12,20250328,-0.0293973199582263,-0.03479434549752829,-0.03409265623106998,0.0007016892664583052
147,13,20250407,-0.0569839005397999,-0.056125104167791956,-0.05693145233288096,-0.0008063481650890034
147,14,20250414,-0.0892531742163201,-0.08729365780651097,-0.08683276330909866,0.00046089449741230915
147,15,20250421,-0.0833342468324058,-0.0821366731033048,-0.08174394535782878,0.0003927277454760236
147,16,20250428,-0.0598928648340686,-0.05934300400817029,-0.05952456987804943,-0.00018156586987914253
147,17,20250508,-0.0250910630796572,-0.02325664973725627,-0.022472503287271624,0.0007841464499846462
147,18,20250515,-0.0062362940908594,-0.011882957730164265,-0.012247311048175573,-0.0003643533180113078
147,19,20250522,-0.018540312821935,-0.01710440578299556,-0.01695307363272727,0.00015133215026829142
147,20,20250529,-0.0381697961522847,-0.0374171879623482,-0.03772692568596838,-0.00030973772362018204
147,21,20250606,-0.0142886821019569,-0.017662059341683828,-0.01722198133678482,0.0004400780048990083
147,22,20250613,-0.0170880580681083,-0.013847924364373595,-0.013140943204742538,0.0007069811596310573
147,23,20250620,-0.0310786380620507,-0.030122322369231784,-0.030387929307914372,-0.0002656069386825881
147,24,20250627,-0.0084948591536457,-0.007906610705855022,-0.007798190784406002,0.00010841992144901974
147,25,20250704,-0.0060556641474712,-0.006190070987373496,-0.0059828956878447675,0.00020717529952872862
147,26,20250711,4.972885678374006e-05,-0.005266129892949776,-0.005075086084527501,0.00019104380842227542
147,27,20250718,-0.0067345404314785,-0.0057146713056650065,-0.005559047303703289,0.0001556240019617173
147,28,20250725,0.0004657439605108,0.0036510678769692525,0.0033062579883847733,-0.0003448098885844792
147,29,20250801,-0.0186654565249252,-0.02807586714437039,-0.027392694115958127,0.0006831730284122643
147,30,20250808,-0.0106864527779167,-0.010743534999671383,-0.010693576140035908,4.99588596354749e-05
147,31,20250815,-0.0096865840161443,-0.009928407132501336,-0.0094964011021392,0.0004320060303621368
147,32,20250822,0.0002184680378792,0.0021763814439901327,0.0019858154612564585,-0.00019056598273367413
147,33,20250829,-0.0066208492199354,-0.004329777422939163,-0.004091583621959811,0.00023819380097935168
147,34,20250905,-0.0250215638412652,-0.028461467436146227,-0.02834392765983231,0.00011753977631391577
147,35,20250912,-0.0035889412093679,-0.0066912235536424735,-0.007038199937881587,-0.0003469763842391133
147,36,20250919,-0.0296827750679464,-0.0298047344987108,-0.03012754545059839,-0.00032281095188758935
147,37,20250926,-0.0221023894232073,-0.023654579861901774,-0.02431333173732446,-0.0006587518754226848
147,38,20251013,-0.0082642195479732,-0.006582169559564532,-0.006844487869076685,-0.000262318309512153
147,39,20251020,-0.0308118682897329,-0.028814772900861048,-0.02916108104637232,-0.0003463081455112732
147,40,20251027,-0.0156995852683387,-0.012919436262473803,-0.01253146538471584,0.00038797087775796317
147,41,20251103,-0.0188380844674053,-0.013815463077072043,-0.013717049392784859,9.841368428718453e-05
147,42,20251110,-0.0177820530316636,-0.013809484659339497,-0.013502215472435583,0.0003072691869039131
147,43,20251117,-0.0200311806786507,-0.023270287455486562,-0.023271287537545572,-1.0000820590098936e-06
147,44,20251124,-0.0710348891104283,-0.07599343145052513,-0.07598491357938655,8.517871138577493e-06
147,45,20251201,-0.0434848633490927,-0.044636773259319605,-0.044276008539464486,0.0003607647198551195
147,46,20251208,-0.0265438688955413,-0.027926936514790543,-0.028081033222055015,-0.00015409670726447208
147,47,20251215,-0.0299123873897666,-0.027989566238175414,-0.027979918551326553,9.647686848860554e-06
147,48,20251222,-0.0168089746219992,-0.019151376760371243,-0.01928000415692292,-0.00012862739655167613
147,49,20251229,-0.0105043829530724,-0.007108779212857651,-0.007504447303179803,-0.0003956680903221526
147,50,20260107,-0.0003875215987144,0.0027948817612504662,0.0025080257708765645,-0.00028685599037390173
147,51,20260114,-0.0055921233444789,-0.0031091898064702726,-0.002884986765699687,0.00022420304077058577
147,52,20260121,-0.0093943714515554,-0.011008768309158918,-0.01136232559212396,-0.0003535572829650429
147,53,20260128,-0.0191126056972017,-0.020779623860297594,-0.02083198076838703,-5.235690808943691e-05
147,54,20260204,-0.0253490529332494,-0.02905383940229311,-0.029279899062498713,-0.00022605966020560267
147,55,20260211,-0.0040880364482916,-0.010457999762584533,-0.010711752716116324,-0.00025375295353179117
147,56,20260226,-0.0098629850468778,-0.01215715571669073,-0.011645518080825607,0.0005116376358651233
147,57,20260305,-0.0797480323613376,-0.08013667213139582,-0.08012895886260143,7.713268794382055e-06
147,58,20260312,-0.0243792801849504,-0.02299107889424925,-0.022435385867697617,0.0005556930265516319
147,59,20260319,-0.0387600501752716,-0.040666916932675774,-0.04022671869450368,0.0004401982381720959
147,60,20260326,-0.0938255230081528,-0.09144753166819562,-0.09144606293858375,1.4687296118753856e-06
147,61,20260402,-0.0763527664466117,-0.06866132040322229,-0.06902522199822168,-0.0003639015949993968
147,62,20260410,-0.0510291060140519,-0.052582384934170986,-0.052909046803686466,-0.0003266618695154794
147,63,20260417,-0.0173741766127229,-0.018300347469441904,-0.018234979137048586,6.536833239331741e-05
147,64,20260424,-0.013768017132296,-0.018476708539363618,-0.018070063028369034,0.00040664551099458407
147,65,20260506,-0.0066227435332646,-0.010391044412021905,-0.010662884439679126,-0.0002718400276572209
147,66,20260513,-0.0084247145017452,-0.009528296661566975,-0.009948958305674192,-0.0004206616441072165
147,67,20260520,-0.0450357340465982,-0.04729912687525739,-0.04725774482370525,4.138205155214403e-05
592,1,20250102,-0.0069536043076582,-0.006171207120803764,-0.005833199955180468,0.00033800716562329587
592,2,20250109,-0.0217360408561609,-0.021930190799285963,-0.02220006341593593,-0.00026987261664996806
592,3,20250116,-0.013124542500502,-0.014013774053182854,-0.01379562996656444,0.0002181440866184138
592,4,20250123,-0.0163265998953983,-0.022663706640698528,-0.02255281508473107,0.00011089155596745795
592,5,20250207,-0.001974969751104,-0.0027476554633749997,-0.00226986100824296,0.00047779445513203983
592,6,20250214,-0.0034066339425434,-0.0028990701236719027,-0.002336891273815339,0.0005621788498565636
592,7,20250221,-0.0080874789272589,-0.007834487424786677,-0.007911817782516074,-7.73303577293969e-05
592,8,20250228,-0.0028591887114214,-0.004604701708678886,-0.00437653550975012,0.00022816619892876595
592,9,20250307,-0.009450838479116,-0.006358112165296638,-0.006507797448271194,-0.00014968528297455534
592,10,20250314,-0.0111657818423642,-0.015173967339961516,-0.01590255716787132,-0.0007285898279098032
592,11,20250321,-0.0094157305888807,-0.013455913829734576,-0.01400131267113795,-0.0005453988414033731
592,12,20250328,-0.0172338586632272,-0.01992697013593945,-0.019535750421848155,0.0003912197140912947
592,13,20250407,-0.0375784215435091,-0.03618626338301366,-0.03577830477976478,0.00040795860324888134
592,14,20250414,-0.0740727150619053,-0.07411155668740094,-0.07359058059747067,0.000520976089930264
592,15,20250421,-0.0472310766054278,-0.046559813389468505,-0.0467172607812471,-0.00015744739177859374
592,16,20250428,-0.0366984929388731,-0.036109221747732546,-0.03551403434811836,0.000595187399614186
592,17,20250508,-0.0175962970337606,-0.015041411730193218,-0.014989177589714724,5.223414047849338e-05
592,18,20250515,-0.0012567829509061,-0.0022460841801854948,-0.0018227938791445693,0.00042329030104092547
592,19,20250522,-0.0086561644671282,-0.007065246597029303,-0.007538281460394836,-0.00047303486336553336
592,20,20250529,-0.0220083893106454,-0.025153629543095787,-0.025707466750562714,-0.000553837207466927
592,21,20250606,-0.0097811212040185,-0.009727015997563482,-0.010366967957190661,-0.0006399519596271795
592,22,20250613,-0.0087156478924728,-0.008607302944838652,-0.008454792963745017,0.00015250998109363548
592,23,20250620,-0.0224156732357304,-0.018964840099572958,-0.01860547680722578,0.00035936329234717915
592,24,20250627,-0.0031472362310708,-0.004607354248833957,-0.0046163284873551825,-8.974238521225475e-06
592,25,20250704,-0.0027273957830741,-0.003017502137296249,-0.002956414262609128,6.108787468712094e-05
592,26,20250711,-0.0042268859583083,0.0010904583646062765,0.0013997359246832528,0.0003092775600769763
592,27,20250718,-0.0081384557485387,-0.005993684004561444,-0.006220225207454094,-0.00022654120289264997
592,28,20250725,0.0044462635894237,0.00407606873478776,0.003708095960528952,-0.0003679727742588075
592,29,20250801,-0.0255333180695901,-0.022614248847882122,-0.02327193565276334,-0.0006576868048812183
592,30,20250808,-0.0087023034888519,-0.009703716447353149,-0.009955328043746556,-0.0002516115963934074
592,31,20250815,-0.0121379317055847,-0.011075493855443357,-0.010287241200689029,0.0007882526547543286
592,32,20250822,-0.00365054622466,-0.0056202640554865735,-0.005251871908459004,0.0003683921470275693
592,33,20250829,-0.0018294484780703,-0.0011603581229968248,-0.0016325038115936,-0.0004721456885967753
592,34,20250905,-0.0370214555777366,-0.0322523037239163,-0.03298662594638315,-0.000734322222466853
592,35,20250912,-0.0029769405192428,-0.0012101067890860299,-0.00111330991326925,9.67968758167799e-05
592,36,20250919,-0.0165877767947408,-0.014638747720664052,-0.014524801499457254,0.00011394622120679786
592,37,20250926,-0.0081030052028979,-0.0049906197073853135,-0.004402834127951033,0.0005877855794342805
592,38,20251013,-0.005875850344719,-0.004562384656662512,-0.004880963198377395,-0.00031857854171488294
592,39,20251020,-0.0320599033016593,-0.03365775606136547,-0.03317253537072336,0.00048522069064211443
592,40,20251027,-0.0075013505361877,-0.00952563836665251,-0.008928165024944985,0.0005974733417075245
592,41,20251103,-0.0170093106850665,-0.0152641420870694,-0.015666826067531087,-0.0004026839804616867
592,42,20251110,-0.0092012878206979,-0.0075739110103916225,-0.007819069629345933,-0.0002451586189543102
592,43,20251117,-0.0153990553803193,-0.015163315045150649,-0.014664466568619916,0.0004988484765307329
592,44,20251124,-0.0528921164947616,-0.055967439901424304,-0.055889769527617685,7.767037380661951e-05
592,45,20251201,-0.0420316088892437,-0.03770622210744224,-0.037782108855313364,-7.588674787112337e-05
592,46,20251208,-0.0240990010014202,-0.024467574665784676,-0.025081567273177337,-0.0006139926073926612
592,47,20251215,-0.0319980449039506,-0.030369110056370142,-0.030476406498855843,-0.00010729644248570064
592,48,20251222,-0.0110141926344747,-0.012955719770969298,-0.01348947506698329,-0.0005337552960139914
592,49,20251229,-0.008885267896817,-0.003845908985352354,-0.004258656986972014,-0.00041274800161966024
592,50,20260107,0.0084048497446953,0.009313909904333796,0.009686157978527251,0.00037224807419345557
592,51,20260114,-0.0018213288129143,0.0010816779651187138,0.0007274711551556682,-0.00035420680996304556
592,52,20260121,-0.012493884396483,-0.014732725558297525,-0.014290896362793844,0.00044182919550368044
592,53,20260128,-0.0102739014542002,-0.008148739564180319,-0.007906563274445968,0.0002421762897343513
592,54,20260204,-0.0383903695153134,-0.037840280359623765,-0.03745089114167191,0.0003893892179518549
592,55,20260211,-0.0159869531716428,-0.0132024342572516,-0.012852714418854362,0.0003497198383972371
592,56,20260226,-0.0160940520074541,-0.01589846429420196,-0.015228534248001819,0.0006699300462001401
592,57,20260305,-0.0202268044059584,-0.021226594601643015,-0.020933904406020682,0.00029269019562233253
592,58,20260312,-0.0045936195264262,-0.0076961049008189494,-0.008157414684967874,-0.00046130978414892464
592,59,20260319,-0.0128772306334167,-0.013211095749068993,-0.013346514990707813,-0.00013541924163881953
592,60,20260326,-0.0458637230840448,-0.04379002162339407,-0.04471824853214756,-0.0009282269087534864
592,61,20260402,-0.0321399137848622,-0.03555038971526565,-0.03545863661677425,9.175309849139557e-05
592,62,20260410,-0.0470072767832447,-0.04745981042911422,-0.04788612643624643,-0.0004263160071322075
592,63,20260417,-0.0156821683575738,-0.01906613834176707,-0.019915663632543497,-0.0008495252907764275
592,64,20260424,-0.0090102447228534,-0.012618093135781277,-0.013573316239497297,-0.00095522310371602
592,65,20260506,-0.0076648459576361,-0.01120014528434085,-0.011683581855249507,-0.00048343657090865744
592,66,20260513,-0.0095680259739051,-0.012258400346237444,-0.01093074557348106,0.0013276547727563842
592,67,20260520,-0.0212419799499638,-0.021713024852084803,-0.021068935175103568,0.0006440896769812354
2024,1,20250102,-0.0063802823536387,-0.007115217906727846,-0.006594732990070911,0.0005204849166569343
2024,2,20250109,-0.0222621184760743,-0.0199990472935423,-0.0192982426440183,0.0007008046495239999
2024,3,20250116,-0.0145560898417445,-0.013769526925660115,-0.013527895654334892,0.00024163127132522354
2024,4,20250123,-0.0209463788225602,-0.02176137236014676,-0.021177987771476874,0.0005833845886698864
2024,5,20250207,-0.0033934000415663,-0.00601379680881549,-0.006303676148021386,-0.00028987933920589584
2024,6,20250214,-0.0050044915744614,-0.0019185531077134093,-0.002397852735864712,-0.00047929962815130255
2024,7,20250221,-0.0073450821171276,-0.007858029302563201,-0.008492443740426127,-0.0006344144378629263
2024,8,20250228,-0.0095249533881856,-0.007486690426074689,-0.007930715500172927,-0.00044402507409823776
2024,9,20250307,-0.016024648290878,-0.011880615720046814,-0.01114925914873877,0.000731356571308045
2024,10,20250314,-0.0216222058215732,-0.022685569109961237,-0.023350334574399216,-0.0006647654644379788
2024,11,20250321,-0.0199500004003107,-0.018373308529895674,-0.01814856595582713,0.0002247425740685427
2024,12,20250328,-0.028780778882375,-0.027329619724222758,-0.02737338896321764,-4.376923899488197e-05
2024,13,20250407,-0.0454263989565295,-0.04769460418764721,-0.048523982915982575,-0.0008293787283353629
2024,14,20250414,-0.0785082438096165,-0.0804141203320616,-0.08000199979302262,0.00041212053903898205
2024,15,20250421,-0.0571886303848382,-0.05581867160235992,-0.05542116264910768,0.00039750895325223884
2024,16,20250428,-0.0454804007940123,-0.04968902242343817,-0.04923581145242973,0.0004532109710084428
2024,17,20250508,-0.0158358731914067,-0.021014262841044743,-0.02105608530808503,-4.1822467040285305e-05
2024,18,20250515,-0.0054417462160549,-0.005926835517789564,-0.0056362095175895004,0.0002906260002000635
2024,19,20250522,-0.0113070643635891,-0.010660239255361855,-0.01027973344802335,0.0003805058073385048
2024,20,20250529,-0.0260808367631154,-0.02799599845095284,-0.02821051646018876,-0.0002145180092359214
2024,21,20250606,-0.0100870471116441,-0.011066206541077725,-0.010537131556610783,0.0005290749844669412
2024,22,20250613,-0.0093233950403675,-0.007996977617796497,-0.008475764920299805,-0.0004787873025033085
2024,23,20250620,-0.0201651214601645,-0.02215371883012341,-0.022259271681414457,-0.00010555285129104641
2024,24,20250627,-0.0035474748694785,-0.003731377563924149,-0.003960175915560055,-0.00022879835163590583
2024,25,20250704,-0.0057486104105668,-0.0032426763469577125,-0.0030105191581303575,0.000232157188827355
2024,26,20250711,-0.0007260175505955,0.0020358821364991776,0.0017621462983985654,-0.0002737358381006121
2024,27,20250718,-0.0069726751482927,-0.007345579401648492,-0.00684754099237371,0.0004980384092747817
2024,28,20250725,0.0079017314277351,0.005411313617881271,0.0054641636232535895,5.285000537231816e-05
2024,29,20250801,-0.0235636286531757,-0.02466245028603442,-0.02447404080658673,0.00018840947944769038
2024,30,20250808,-0.0121439746367928,-0.013649691800175735,-0.013316747871710805,0.0003329439284649304
2024,31,20250815,-0.0116535697196141,-0.01101402252052687,-0.010681759500562566,0.0003322630199643038
2024,32,20250822,-0.0025700491674421,-0.000605453429269636,-0.0007117592924338178,-0.00010630586316418174
2024,33,20250829,-0.0014099150526007,-0.0026409719829904666,-0.0024745628724119895,0.0001664091105784771
2024,34,20250905,-0.0326655031893687,-0.032122238312205856,-0.03203217282489994,9.006548730591812e-05
2024,35,20250912,-0.006786897759605,-0.0040472030719742366,-0.00402928826228573,1.7914809688506297e-05
2024,36,20250919,-0.022634778829584,-0.026209026941093044,-0.026771871831055977,-0.000562844889962933
2024,37,20250926,-0.0118090196084651,-0.017041635651652016,-0.01672173610356356,0.00031989954808845505
2024,38,20251013,-0.0070295140995142,-0.005302128955934415,-0.005645716798426202,-0.0003435878424917875
2024,39,20251020,-0.0291744510532243,-0.02775221654099757,-0.02777602446223582,-2.380792123824957e-05
2024,40,20251027,-0.0137289183873011,-0.012058431720118522,-0.012602087163106838,-0.0005436554429883167
2024,41,20251103,-0.0146697222286658,-0.014527541622350402,-0.014353187604317579,0.00017435401803282333
2024,42,20251110,-0.0029355690336711,-0.0052985972584260336,-0.005484724355902927,-0.00018612709747689322
2024,43,20251117,-0.0135208884052805,-0.012862327641632362,-0.013217241338094505,-0.00035491369646214327
2024,44,20251124,-0.0814382334686235,-0.07797889327924366,-0.07823931775023324,-0.0002604244709895759
2024,45,20251201,-0.0570412038798615,-0.04949865670981441,-0.04913763433043156,0.00036102237938285403
2024,46,20251208,-0.0408690770517659,-0.03964919749073895,-0.039604155683535494,4.504180720345252e-05
2024,47,20251215,-0.0379425966478848,-0.04549576391138716,-0.046479739132903014,-0.0009839752215158523
2024,48,20251222,-0.0324854773512035,-0.031634760748152815,-0.030834428471967185,0.0008003322761856307
2024,49,20251229,-0.0106700410313191,-0.009699676723745776,-0.009081696744638306,0.0006179799791074699
2024,50,20260107,0.0064067612307033,0.007863194021496267,0.007897734111539203,3.454009004293622e-05
2024,51,20260114,0.0003817135326177,0.0018126438076375637,0.0012932880108427677,-0.0005193557967947959
2024,52,20260121,-0.0126856458704998,-0.0133466925841479,-0.014247717851952595,-0.0009010252678046948
2024,53,20260128,-0.0086182362940651,-0.008549902411381066,-0.008133067887473124,0.0004168345239079427
2024,54,20260204,-0.0461404394399468,-0.04909421477973897,-0.050010800092901944,-0.0009165853131629723
2024,55,20260211,-0.019897787498235,-0.019283274024360045,-0.018670664955032404,0.0006126090693276409
2024,56,20260226,-0.0131751395060362,-0.013580243286419574,-0.012988997963256928,0.0005912453231626466
2024,57,20260305,-0.0568237556889985,-0.055581792275971265,-0.056216924676546834,-0.0006351324005755693
2024,58,20260312,-0.015030773176,-0.013782163853992908,-0.01293848408278173,0.0008436797712111782
2024,59,20260319,-0.0415038686184445,-0.036088299029098686,-0.035635268973805846,0.00045303005529283985
2024,60,20260326,-0.0742334490574491,-0.0730540791837497,-0.07338868953585079,-0.0003346103521010835
2024,61,20260402,-0.0730606729014849,-0.07552659554125189,-0.07573993843389222,-0.00021334289264032802
2024,62,20260410,-0.0782146283256817,-0.07521205527989686,-0.07600914521946761,-0.0007970899395707554
2024,63,20260417,-0.0289606125920093,-0.027752847685668453,-0.028843733690187643,-0.0010908860045191898
2024,64,20260424,-0.025880804762518,-0.020270146266286003,-0.02171064411173088,-0.0014404978454448762
2024,65,20260506,-0.0069355100454882,-0.007108218808312989,-0.006445965742901785,0.000662253065411204
2024,66,20260513,-0.007219685962871,-0.005726982077595255,-0.005076546220382786,0.000650435857212469
2024,67,20260520,-0.0190280816742794,-0.01892374764266066,-0.019564477753967358,-0.000640730111306699
2025,1,20250102,-0.0073819780929624,-0.005140274945848206,-0.005296984577473511,-0.00015670963162530468
2025,2,20250109,-0.0220849144836971,-0.019645368207417104,-0.019382659731207442,0.00026270847620966237
2025,3,20250116,-0.0178539389118818,-0.014531754853109454,-0.015164821371069896,-0.0006330665179604417
2025,4,20250123,-0.0201756323304367,-0.02031046016369159,-0.020218181267130757,9.227889656083371e-05
2025,5,20250207,-0.0031319839199,-0.0009904943033672703,-0.0005019598742897046,0.0004885344290775657
2025,6,20250214,-0.005358051150316,-0.005404822310156036,-0.005026427240090083,0.00037839507006595316
2025,7,20250221,-0.0026149548661117,-0.004400109880810094,-0.004143541537091414,0.0002565683437186807
2025,8,20250228,-0.0052694254654069,-0.00587339258284811,-0.006217437725248671,-0.00034404514240056125
2025,9,20250307,-0.0095803263431142,-0.008772522044207514,-0.008945439179192268,-0.00017291713498475414
2025,10,20250314,-0.0160975731010277,-0.018104778314091616,-0.01857831601099867,-0.00047353769690705594
2025,11,20250321,-0.0164697364159935,-0.017437318812652938,-0.017093025245719047,0.0003442935669338912
2025,12,20250328,-0.022892253349479,-0.024324521586141845,-0.024415271438670054,-9.074985252820883e-05
2025,13,20250407,-0.0445102797096341,-0.03977376883193812,-0.03996469791377103,-0.00019092908183291485
2025,14,20250414,-0.0697389381892052,-0.0708215705911308,-0.07076989390220134,5.167668892945565e-05
2025,15,20250421,-0.0541364612069519,-0.05146318124988227,-0.051709982921045936,-0.0002468016711636642
2025,16,20250428,-0.0417858477838667,-0.040365073239738904,-0.040731961309212666,-0.0003668880694737628
2025,17,20250508,-0.0148421680650122,-0.017900788948420447,-0.018456396668288994,-0.0005556077198685463
2025,18,20250515,-0.0083606500256074,-0.007038376119633918,-0.006978974984577429,5.9401135056489154e-05
2025,19,20250522,-0.0159983474656027,-0.011474276356644992,-0.011315835436825846,0.00015844091981914547
2025,20,20250529,-0.0295852554986567,-0.03200846728555809,-0.03171966808487385,0.00028879920068423937
2025,21,20250606,-0.0111442785580595,-0.015322823134818567,-0.01503793084203338,0.00028489229278518685
2025,22,20250613,-0.0152316525822213,-0.014248939913729806,-0.014939970382369997,-0.0006910304686401914
2025,23,20250620,-0.0292921714761863,-0.031237719761548124,-0.0309070375135042,0.0003306822480439245
2025,24,20250627,-0.0093229918001771,-0.010537965126767645,-0.010932843651159476,-0.0003948785243918316
2025,25,20250704,-0.0105579810397411,-0.007458865606357402,-0.006877037889278202,0.0005818277170791999
2025,26,20250711,-0.0073428075672007,-0.004868347516576811,-0.004882221944411305,-1.3874427834494052e-05
2025,27,20250718,-0.0063573634061566,-0.00828156448531441,-0.0080650731129998,0.00021649137231461064
2025,28,20250725,0.004336215327918,0.0037276935812813406,0.0038026162139694394,7.49226326880988e-05
2025,29,20250801,-0.0234140906077018,-0.02268135827677665,-0.023135466159084832,-0.0004541078823081836
2025,30,20250808,-0.0079032120105489,-0.011354490649356007,-0.011621373710357048,-0.00026688306100104177
2025,31,20250815,-0.0094149531950723,-0.01242672514936256,-0.012383547924324778,4.317722503778196e-05
2025,32,20250822,-0.0007214812938619,-0.001607655206100858,-0.0017536429629512705,-0.0001459877568504124
2025,33,20250829,-0.0011832235615672,-0.0024257417939882106,-0.0021262488466388865,0.00029949294734932415
2025,34,20250905,-0.0392627629261926,-0.037585088495383466,-0.0378740555143228,-0.0002889670189393373
2025,35,20250912,-0.0040467043221086,-0.005188667007264785,-0.004873657864777524,0.00031500914248726135
2025,36,20250919,-0.018999948370525,-0.016868943808385915,-0.016802888780817794,6.605502756812029e-05
2025,37,20250926,-0.0168814154882124,-0.018033726020440392,-0.017847679566593333,0.00018604645384705937
2025,38,20251013,-0.0109923987836976,-0.008960672464615647,-0.008548529304026204,0.000412143160589443
2025,39,20251020,-0.0320243328790726,-0.035957663815509515,-0.036120160954866504,-0.00016249713935698878
2025,40,20251027,-0.0168892759786054,-0.020154444469649018,-0.020538631860039822,-0.00038418739039080413
2025,41,20251103,-0.0173869902009296,-0.016072373267725846,-0.01609016512746398,-1.779185973813449e-05
2025,42,20251110,-0.0239482375384708,-0.020207740069344386,-0.019661607494013595,0.0005461325753307912
2025,43,20251117,-0.0286997948524737,-0.026628790078264013,-0.026653976771527255,-2.518669326324191e-05
2025,44,20251124,-0.0782605170766599,-0.07965356923449937,-0.08017633933473903,-0.0005227701002396556
2025,45,20251201,-0.0484365086432992,-0.04598101969837471,-0.04645173967259706,-0.00047071997422235
2025,46,20251208,-0.0252052591549631,-0.028468947881586076,-0.028962735100609212,-0.0004937872190231354
2025,47,20251215,-0.0347129127466408,-0.031012811403796293,-0.030469052430349523,0.0005437589734467695
2025,48,20251222,-0.0166304718003827,-0.01796710964708339,-0.017887523158081627,7.958648900176224e-05
2025,49,20251229,-0.010026907672696,-0.00807241456762558,-0.007771989056385355,0.0003004255112402255
2025,50,20260107,0.0011852391383757,0.002672988603307231,0.0024371764130454703,-0.00023581219026176051
2025,51,20260114,-0.0074175764150514,-0.0052741234891013015,-0.00553446046698129,-0.0002603369778799887
2025,52,20260121,-0.0177990467632791,-0.016159048020150068,-0.015779183552324945,0.000379864467825123
2025,53,20260128,-0.0316404556152985,-0.028233076360650467,-0.028391751222977293,-0.00015867486232682554
2025,54,20260204,-0.0196408167636265,-0.022546803361806134,-0.022782889776722166,-0.00023608641491603202
2025,55,20260211,-0.0073673864694317,-0.008639424191365517,-0.008689309295934915,-4.988510456939779e-05
2025,56,20260226,-0.0190806931794576,-0.019885349891922945,-0.019437336279140856,0.00044801361278208954
2025,57,20260305,-0.0781215281328717,-0.0726505454078412,-0.0732479241955574,-0.0005973787877161935
2025,58,20260312,-0.0310404477144285,-0.029425474083968544,-0.029016556857166604,0.00040891722680194004
2025,59,20260319,-0.0328895619972565,-0.032586352942353534,-0.032713885349426125,-0.00012753240707259056
2025,60,20260326,-0.0877344010794588,-0.08222420363446589,-0.08237524374918519,-0.00015104011471929468
2025,61,20260402,-0.0674772479239609,-0.0712421960581217,-0.07164691064273652,-0.00040471458461482923
2025,62,20260410,-0.0587938107371465,-0.06030251903878157,-0.06052841119601943,-0.00022589215723786
2025,63,20260417,-0.0209134750709177,-0.02309948578213634,-0.022773218321078287,0.00032626746105805446
2025,64,20260424,-0.0174922565240804,-0.01802378414612454,-0.018125876593174217,-0.0001020924470496766
2025,65,20260506,-0.0086015232923801,-0.009356076090734891,-0.009617066112457382,-0.000260990021722491
2025,66,20260513,-0.0191733835429523,-0.017859766071809658,-0.01823101378526685,-0.0003712477134571908
2025,67,20260520,-0.0463026587837028,-0.044635301625506225,-0.04434965312853199,0.00028564849697423206
3141,1,20250102,-0.0048720934017764,-0.005590276971413906,-0.006105386863230116,-0.00051510989181621
3141,2,20250109,-0.0238810775335877,-0.022741771351322757,-0.023454968774110758,-0.0007131974227880013
3141,3,20250116,-0.0169888283320526,-0.012988136201011923,-0.013330512124736762,-0.0003423759237248386
3141,4,20250123,-0.0199539690724203,-0.01884229021071622,-0.01796011181004757,0.0008821784006686484
3141,5,20250207,0.0006054286517363,-0.0031493282186966683,-0.0026627389947920244,0.0004865892239046439
3141,6,20250214,-0.0038920308575005,-0.005118217296864493,-0.004771282667465246,0.0003469346293992464
3141,7,20250221,-0.0053823162964791,-0.006077945050699727,-0.006596308057417649,-0.0005183630067179222
3141,8,20250228,-0.0093885094324549,-0.006893344582860516,-0.00704460655450735,-0.00015126197164683393
3141,9,20250307,-0.0098525940229179,-0.008864178218492435,-0.008490497856069375,0.0003736803624230598
3141,10,20250314,-0.0307840428701531,-0.026801224115926506,-0.02698917854392257,-0.0001879544279960628
3141,11,20250321,-0.0242290420734778,-0.022698275344243925,-0.022041814980056033,0.0006564603641878927
3141,12,20250328,-0.0367091642575157,-0.03494573984800997,-0.03579738863128143,-0.0008516487832714581
3141,13,20250407,-0.0484524976415951,-0.05095138970027913,-0.051160384281160286,-0.00020899458088115275
3141,14,20250414,-0.0828275071817901,-0.08116418637816016,-0.08117118585228016,-6.999474120000793e-06
3141,15,20250421,-0.0650585675176253,-0.06203826895070779,-0.06287040103478202,-0.0008321320840742261
3141,16,20250428,-0.052474761758689,-0.05392500253773883,-0.053943910003693266,-1.8907465954433322e-05
3141,17,20250508,-0.0198430222348103,-0.021018794156188778,-0.02169237658033777,-0.0006735824241489927
3141,18,20250515,-0.0161215959241228,-0.011365161301239976,-0.010984812755795475,0.00038034854544450117
3141,19,20250522,-0.0152024378393947,-0.017048701578727288,-0.01744329491101855,-0.0003945933322912626
3141,20,20250529,-0.0442266365519769,-0.04071571603439432,-0.04019833844550238,0.0005173775888919416
3141,21,20250606,-0.0128327958544964,-0.013809882244590755,-0.013650993174390506,0.000158889070200249
3141,22,20250613,-0.0139613670341498,-0.016810711425652505,-0.016949398902642018,-0.0001386874769895123
3141,23,20250620,-0.0372892917406396,-0.035758746384438676,-0.03623429453779786,-0.0004755481533591857
3141,24,20250627,-0.0092142208778575,-0.012005433460326344,-0.011512390878137928,0.0004930425821884164
3141,25,20250704,-0.0109325559988293,-0.005972254939888615,-0.00568808527129162,0.0002841696685969945
3141,26,20250711,-0.0077783155629661,-0.008000712106026035,-0.00784469344481592,0.00015601866121011526
3141,27,20250718,-0.0063700785430286,-0.008481737533672673,-0.008742599810802401,-0.00026086227712972775
3141,28,20250725,0.0018625222896222,0.0030916111220717947,0.0029827663282325553,-0.00010884479383923944
3141,29,20250801,-0.0216457957701744,-0.022330471938442766,-0.022184814070094074,0.000145657868348692
3141,30,20250808,-0.0073439181630019,-0.009613400016367039,-0.010002464415281694,-0.0003890643989146545
3141,31,20250815,-0.0182027823555648,-0.01314753589179463,-0.012934633153441167,0.00021290273835346263
3141,32,20250822,-0.0009947690308411,-0.0008422485873677207,-0.00041071562203954387,0.00043153296532817687
3141,33,20250829,0.0010065967418096,0.00025201443800590764,0.00040390358018934855,0.0001518891421834409
3141,34,20250905,-0.0378792233133457,-0.03764606761956046,-0.03804795543663444,-0.00040188781707398147
3141,35,20250912,0.0033355312658901,0.0022546757064698577,0.0022413809470125425,-1.3294759457315244e-05
3141,36,20250919,-0.0167061926456032,-0.013265245362420436,-0.013205425451660724,5.981991075971159e-05
3141,37,20250926,-0.0055602882984806,-0.0038868641304292684,-0.004015224506392818,-0.00012836037596354946
3141,38,20251013,-0.0108668102746333,-0.009252092256754151,-0.009424411441924513,-0.00017231918517036232
3141,39,20251020,-0.0644785028013846,-0.059105493940340974,-0.059373624899095874,-0.00026813095875490023
3141,40,20251027,-0.0198296348224153,-0.018796576488367727,-0.018418241629629333,0.0003783348587383939
3141,41,20251103,-0.0233555613549279,-0.021290335627060546,-0.021623556883659096,-0.00033322125659854956
3141,42,20251110,-0.027574980159357,-0.02810762672071538,-0.02789653344213558,0.0002110932785798006
3141,43,20251117,-0.0343310509542458,-0.03719011894547524,-0.037105342804297274,8.477614117796684e-05
3141,44,20251124,-0.0951129945187102,-0.09715235186644726,-0.09700309406232888,0.00014925780411838285
3141,45,20251201,-0.0505219525606731,-0.05062760338162186,-0.050967972222964605,-0.0003403688413427461
3141,46,20251208,-0.0321806076228876,-0.03435023665608975,-0.033901385722537085,0.00044885093355266636
3141,47,20251215,-0.0303130244734047,-0.036210195486021717,-0.03668268990976066,-0.0004724944237389436
3141,48,20251222,-0.020616482148729,-0.01788778083064728,-0.01799286435004667,-0.00010508351939939042
3141,49,20251229,-0.0097958414016361,-0.009376304165072293,-0.008929038192041768,0.0004472659730305247
3141,50,20260107,0.0023907172371666,0.0020284218325251173,0.002050579326007976,2.2157493482858823e-05
3141,51,20260114,-0.0106149394230126,-0.0065583111739863885,-0.00611861513748771,0.0004396960364986789
3141,52,20260121,-0.0185252798096187,-0.01533427535637046,-0.015506820461454834,-0.00017254510508437314
3141,53,20260128,-0.0245909935573052,-0.02653455034377429,-0.02677340785583836,-0.00023885751206407027
3141,54,20260204,-0.0191999004242698,-0.018659970202660144,-0.018976569100889292,-0.0003165988982291486
3141,55,20260211,-0.0057830831369566,-0.008156491563730228,-0.008509873041548805,-0.00035338147781857794
3141,56,20260226,-0.0142027970824716,-0.015028690903120801,-0.014830552898314295,0.00019813800480650637
3141,57,20260305,-0.0727420472432385,-0.0726943833200091,-0.07260081576056088,9.356755944822659e-05
3141,58,20260312,-0.0352379601490758,-0.028616168919988028,-0.028640648309513073,-2.4479389525045026e-05
3141,59,20260319,-0.0368437310658141,-0.036677707815359395,-0.03639206271140838,0.0002856451039510155
3141,60,20260326,-0.0820950118154386,-0.08390771860785615,-0.08405834658572123,-0.00015062797786508098
3141,61,20260402,-0.0729613242286578,-0.06940759458555062,-0.06934813265937739,5.9461926173232094e-05
3141,62,20260410,-0.0605016965661268,-0.06120297715331197,-0.06159995388356682,-0.0003969767302548499
3141,63,20260417,-0.0199893757532154,-0.019552987216533084,-0.019947119494400777,-0.00039413227786769256
3141,64,20260424,-0.0142462888355602,-0.015745072947842408,-0.01595646283527206,-0.0002113898874296534
3141,65,20260506,-0.0088907176354418,-0.010066590292075569,-0.009930054824301007,0.00013653546777456227
3141,66,20260513,-0.0027437121724489,-0.003251496690975176,-0.003012363856551568,0.00023913283442360787
3141,67,20260520,-0.0098984420277795,-0.009633223603594827,-0.009615170698760986,1.8052904833840838e-05
3407,1,20250102,-0.005979900964855,-0.0059910949554043275,-0.0054392813271327955,0.000551813628271532
3407,2,20250109,-0.0240694249064483,-0.022737838720907656,-0.02213088616262,0.0006069525582876566
3407,3,20250116,-0.0165331663083532,-0.014818682878623837,-0.01518728417230153,-0.0003686012936776929
3407,4,20250123,-0.0181645408636546,-0.019146656088530493,-0.019179744044762546,-3.308795623205296e-05
3407,5,20250207,-0.0027756702547258,-0.003257749104230061,-0.0029023140282843016,0.00035543507594575953
3407,6,20250214,-0.0043059416127371,-0.004564909906285497,-0.00457463676246689,-9.726856181392976e-06
3407,7,20250221,-0.0059014790195525,-0.007957059850424476,-0.007952379955864642,4.6798945598346825e-06
3407,8,20250228,-0.0069817207059564,-0.004436092992271368,-0.004185327318144158,0.00025076567412721067
3407,9,20250307,-0.00883944812904,-0.0058648940313827495,-0.006238409854581867,-0.00037351582319911786
3407,10,20250314,-0.0153525745735285,-0.012644200600947838,-0.012977750494172265,-0.0003335498932244274
3407,11,20250321,-0.0105386891190903,-0.015016756304852098,-0.014859869328282522,0.00015688697656957538
3407,12,20250328,-0.0192061554043987,-0.020029372853612247,-0.019798758017963186,0.00023061483564906088
3407,13,20250407,-0.0314528794225067,-0.03371280635148318,-0.03413986751828625,-0.00042706116680307077
3407,14,20250414,-0.0625452719831967,-0.06563577350623134,-0.06594916175127377,-0.00031338824504242857
3407,15,20250421,-0.0448409512139593,-0.04289573273953942,-0.04306145797229485,-0.0001657252327554315
3407,16,20250428,-0.0424123480889088,-0.03924890319918826,-0.03870860057282835,0.0005403026263599078
3407,17,20250508,-0.0174219596423944,-0.015432901896537822,-0.01580440369351412,-0.00037150179697629723
3407,18,20250515,-0.0051572191218141,-0.005463804327159481,-0.0052552095848099455,0.00020859474234953546
3407,19,20250522,-0.0116117601775273,-0.009511226011149584,-0.009058736357861561,0.000452489653288023
3407,20,20250529,-0.0231045596664506,-0.027168298091115633,-0.026988242404282714,0.0001800556868329188
3407,21,20250606,-0.0115145432151855,-0.011986548427875974,-0.012529002604540882,-0.0005424541766649079
3407,22,20250613,-0.0114901247733907,-0.013924733704495327,-0.013420379322057167,0.0005043543824381595
3407,23,20250620,-0.026246192844172,-0.026919450927034703,-0.026764886802338857,0.0001545641246958468
3407,24,20250627,-0.0060321024516572,-0.008401235336571052,-0.008671628311093181,-0.00027039297452212917
3407,25,20250704,-0.0067776649223552,-0.004146961207543316,-0.0042427155775929285,-9.575437004961246e-05
3407,26,20250711,-0.005658484589663,-0.006626813808956126,-0.0066091203895857625,1.7693419370363138e-05
3407,27,20250718,-0.0076993634673783,-0.007336992478663797,-0.007142099387116905,0.0001948930915468914
3407,28,20250725,0.0015361056838308,0.002547723576868586,0.0028252779057898036,0.0002775543289212177
3407,29,20250801,-0.02506664094539,-0.0251986123272406,-0.02542864743459097,-0.00023003510735036814
3407,30,20250808,-0.010218572664022,-0.007439098622030161,-0.0074504379817075216,-1.1339359677360779e-05
3407,31,20250815,-0.0124062362439614,-0.008985138423173122,-0.008823873832341666,0.00016126459083145618
3407,32,20250822,0.0014827208229495,0.0018145952305638185,0.001774584591472837,-4.001063909098157e-05
3407,33,20250829,-0.0027720448600176,-0.0048024931951915605,-0.005093318453913417,-0.0002908252587218562
3407,34,20250905,-0.0265083387024185,-0.029028165533328508,-0.028965033513566316,6.313201976219235e-05
3407,35,20250912,-0.0030465740486307,-0.003949994551144562,-0.003719529898886166,0.00023046465225839627
3407,36,20250919,-0.027319991173235,-0.028187183163386042,-0.027960978723676432,0.00022620443970960968
3407,37,20250926,-0.0329940526448238,-0.030483097546852973,-0.030442401573012715,4.069597384025875e-05
3407,38,20251013,-0.0066368259820008,-0.006662536587171938,-0.0066293015238934215,3.323506327851649e-05
3407,39,20251020,-0.0195697993403924,-0.0177557516752702,-0.017515521486399312,0.00024023018887088868
3407,40,20251027,-0.011938111037563,-0.01269562239495714,-0.012392506280435077,0.0003031161145220628
3407,41,20251103,-0.0104894647760136,-0.010499700291368385,-0.010534040493595069,-3.4340202226684075e-05
3407,42,20251110,-0.0057354423757383,-0.008585608683760817,-0.00839869172224681,0.00018691696151400608
3407,43,20251117,-0.0082802939998362,-0.008153298417900589,-0.008698461580720731,-0.0005451631628201423
3407,44,20251124,-0.039394720442233,-0.0452856450936235,-0.04602807665626831,-0.0007424315626448144
3407,45,20251201,-0.0293567506536202,-0.03161483550144438,-0.031283474388295526,0.00033136111314885364
3407,46,20251208,-0.0206609637283948,-0.02078037766444863,-0.020572590091597315,0.00020778757285131594
3407,47,20251215,-0.0249414873021777,-0.026005017292918462,-0.02645959584298409,-0.0004545785500656291
3407,48,20251222,-0.008647432814896,-0.011513303242502854,-0.011406014886792415,0.00010728835571043906
3407,49,20251229,-0.0110826307614844,-0.010209152464691122,-0.010458412755348128,-0.00024926029065700656
3407,50,20260107,0.0020057669865823,0.0008487884560234599,0.001091725649270743,0.00024293719324728312
3407,51,20260114,-0.002525243818016,-0.0037009991299408523,-0.00335978677730942,0.0003412123526314323
3407,52,20260121,-0.0123830453299365,-0.012467249813358932,-0.012373795788274494,9.345402508443776e-05
3407,53,20260128,-0.0251373746740927,-0.027686626720898885,-0.027424870189801838,0.0002617565310970467
3407,54,20260204,-0.0157129786086251,-0.019601501100294218,-0.020022580657830108,-0.00042107955753589027
3407,55,20260211,-0.0062403386516922,-0.005544082619735153,-0.0060335841679972175,-0.0004895015482620649
3407,56,20260226,-0.0206264074535423,-0.017729192112406,-0.0172232087943035,0.0005059833181024972
3407,57,20260305,-0.0548971731463515,-0.054097695491009234,-0.05379922794808354,0.00029846754292569416
3407,58,20260312,-0.0165190582430322,-0.01814774116708262,-0.018246564329510287,-9.882316242766642e-05
3407,59,20260319,-0.0113933895113712,-0.013177315813963725,-0.013303454845570365,-0.00012613903160664
3407,60,20260326,-0.0560110524701383,-0.05757926141909512,-0.05819291268717562,-0.000613651268080502
3407,61,20260402,-0.0493051822590456,-0.050188636342416215,-0.049332839622264195,0.0008557967201520203
3407,62,20260410,-0.0586156936255097,-0.05496237189929834,-0.0551067983989009,-0.00014442649960255682
3407,63,20260417,-0.022973108360947,-0.022682041770339015,-0.023073015223865397,-0.00039097345352638244
3407,64,20260424,-0.0235455502550169,-0.023482680837257627,-0.024340301381790996,-0.0008576205445333697
3407,65,20260506,-0.0180324229020663,-0.01867641235436007,-0.018865572276808393,-0.00018915992244832383
3407,66,20260513,-0.0237571787696955,-0.02200667706627895,-0.021319869362996027,0.0006868077032829226
3407,67,20260520,-0.0452613832982877,-0.048604211737428626,-0.049245592155640935,-0.000641380418212309
