method,method_label,seed,terminal_wealth,annualized_return,annualized_volatility,sharpe,max_drawdown,total_turnover,return_per_turnover,cumulative_fee,mean_cash,mean_effective_holdings,mean_max_stock_weight
dynamic,DRCPT-PG,29,1.1399029462639652,0.10351495526024301,0.1532008193293223,0.7202711707600928,0.10965532513064824,10.90882311386512,0.01282475156152715,0.02458393033197264,0.014404587364921855,189.3568201829406,0.021329465849061337
symmetric,Symmetric CPT-PG,29,1.098766985380882,0.07342271428992397,0.143149855915487,0.5673525596823324,0.10773198452846389,11.581139620213015,0.008528261347311626,0.025270994856314573,0.015116911162720258,208.8778596757648,0.012993297882153698
static,Static CPT-PG,29,1.1831669377777922,0.13487506728799326,0.17050874063534469,0.8281212866366908,0.1286096068826652,10.492499785798241,0.017456939863435737,0.023683361477418306,0.014747132649015818,211.8288670957218,0.015917970750759732
expected,Expected-Wealth PG,29,1.0645792368596794,0.04820044551974889,0.12998724574665746,0.42794903633947196,0.1076402015208534,7.884677220793174,0.008190473122903932,0.01691727639550076,0.014193407372009722,199.07524253113135,0.013433001350475952
exponential,Exponential-Utility PG,29,1.0640188611369878,0.047785367516329114,0.13309829112977653,0.4177823356787804,0.1179183764407602,10.358910935363117,0.006180076413094844,0.022537028510087043,0.014077409419459985,189.37535468997453,0.01691933411909956
dynamic,DRCPT-PG,147,1.0759712631257905,0.0566269898373426,0.15352507038347418,0.43647359381261697,0.12831351885698616,10.565357126991202,0.007190600583837109,0.022417655338863546,0.01432731563059302,235.26493620846253,0.012338822113904333
symmetric,Symmetric CPT-PG,147,1.2369913051396901,0.17349643944622084,0.20233075417102472,0.8927372382501424,0.1396406898002226,13.885781376741935,0.01706719259865635,0.03138940358351918,0.014263604254526639,165.41657836509063,0.026474379306694117
static,Static CPT-PG,147,1.072630633914056,0.05415826743838714,0.12735462598366643,0.47844975630951225,0.09618626500197769,8.368938632373315,0.008678595590736107,0.017979410707030893,0.013981083315688116,203.57488706919804,0.013890714408288162
expected,Expected-Wealth PG,147,1.155344536983851,0.11474115544647367,0.15304910487964635,0.7870401018308947,0.11723801751843399,10.874991370962137,0.014284566459394568,0.023866385604947495,0.01455203877748112,233.18656827397663,0.012124040957367424
exponential,Exponential-Utility PG,147,1.703964507894859,0.49318494894057374,0.24933292391929376,1.733693772925459,0.1742257321318912,17.848288481514505,0.03944156934845355,0.04377866317287059,0.01334293538814136,117.60662974092673,0.07092731546315433
dynamic,DRCPT-PG,3141,1.2948678364303328,0.21456380200854985,0.16140389803375088,1.2860151299456555,0.11835973118292364,10.287650411998879,0.0286623110838231,0.02327470078200091,0.014244283666142641,160.29870350093685,0.03933872151143644
symmetric,Symmetric CPT-PG,3141,1.402752791277303,0.28992636194285315,0.19602957142779456,1.3977388799909158,0.17414108879953394,11.500759472946433,0.035019669111827786,0.02761359963051034,0.014461530321703824,185.51189055592855,0.03658043486578599
static,Static CPT-PG,3141,1.2431576355189455,0.17789418331130546,0.1698297476585412,1.0500139355045701,0.12736130337223728,10.290953871437857,0.023628289326397635,0.023219383120392803,0.014182227108336694,255.27455679510405,0.010303533911515358
expected,Expected-Wealth PG,3141,1.1125360950121783,0.08352583503155242,0.15949378863955296,0.5836819141293842,0.13336616426070746,10.730407695417576,0.010487588002852575,0.023402845740827165,0.01459267318383378,185.21694225529222,0.02687471819205743
exponential,Exponential-Utility PG,3141,1.207444054846579,0.15234772162077936,0.16522858521226966,0.9414745962382846,0.11482981236620682,13.413849190245603,0.015464916289459252,0.030786382781309025,0.014228456530433094,179.33792634015444,0.026516812844526158
dynamic,DRCPT-PG,42,1.2120229359553831,0.15563342141713776,0.14369189704388774,1.0794561621135688,0.10846492828308729,10.192782974255875,0.02080128032656968,0.022421941391247507,0.014880295870046313,238.03297898794239,0.012340224462496462
symmetric,Symmetric CPT-PG,42,1.084043253826732,0.06258436384761779,0.1415808468330633,0.5002396531473741,0.10297400900149445,14.802170719031908,0.00567776547251095,0.03270477305417056,0.014037823900151836,186.9659472400624,0.021020732638041585
static,Static CPT-PG,42,1.2108557595297211,0.15479617495020626,0.16764882214330684,0.9430920243745388,0.11596116085336317,19.531883052576728,0.010795464982159216,0.04466428335871637,0.014269156568699816,235.6196853758254,0.013279384908087027
expected,Expected-Wealth PG,42,1.1855215869554687,0.13657361198129547,0.1596696183220789,0.8826037961568103,0.13306231651782674,10.84825940485631,0.017101507258613164,0.02419922913481746,0.014981299072872958,238.6885192690466,0.012087278884857862
exponential,Exponential-Utility PG,42,1.0339657208219162,0.025444315702110698,0.14937795595829836,0.24361881845550676,0.11954556296320129,8.426164255462737,0.0040309825197029575,0.017892365591304166,0.013744920179056578,119.64702034641736,0.03962949472349519
dynamic,DRCPT-PG,3407,1.0608117790941824,0.0454087946109929,0.12936508977558855,0.40846294012831713,0.09787497631312869,8.270908548771558,0.00735249080987778,0.017684710273069174,0.014169293361977666,166.94547326660398,0.027541899633606926
symmetric,Symmetric CPT-PG,3407,1.2735936075263212,0.19952221834329076,0.18829338473668797,1.0610370037681252,0.1373786822578832,17.136167668623735,0.015965857291841874,0.03830930883706513,0.013865655606575608,161.0153424231929,0.033020870970233075
static,Static CPT-PG,3407,1.0513633422386246,0.03839675720397984,0.12604026150231912,0.3626848922939178,0.10479270490041759,9.081235906054085,0.005655985899934918,0.019474069152695655,0.013167328772117542,154.97018077449349,0.018720169998626347
expected,Expected-Wealth PG,3407,1.0615586926734901,0.04596244554061446,0.16328635965521826,0.35761677310759976,0.14765102009839015,10.598152133121495,0.0058084364047866445,0.023175743803368856,0.014671070589349371,201.44194160294515,0.027842154618194892
exponential,Exponential-Utility PG,3407,1.1752950358549739,0.12919051542808524,0.17382555270374006,0.7863879022256798,0.1493986770866489,16.07986426124553,0.01090152460288217,0.03782704323408172,0.01447305577377413,201.14185099364036,0.034481640961023
dynamic,DRCPT-PG,592,1.2702171699158806,0.1971292626657868,0.14400417818796568,1.3225848845450439,0.10798402863474388,13.802719878701758,0.019577095839845186,0.032144864938386294,0.013885446823803967,179.50362600643876,0.025410497835077143
symmetric,Symmetric CPT-PG,592,1.1058455987272262,0.07862055887543162,0.15022763840843695,0.579938989062672,0.12882228217491276,10.81309507657161,0.009788649593635639,0.023517547792297415,0.014704839471482474,239.93039701927975,0.010066216403191011
static,Static CPT-PG,592,1.0569801664472511,0.04256708482662419,0.13738305050117539,0.3729271774430444,0.12142142890926799,13.05571365539647,0.004364385429340268,0.02849767991536479,0.014125035228117516,191.89464385712114,0.016443564953471945
expected,Expected-Wealth PG,592,1.0357765775058565,0.026794992964516595,0.13072581530267333,0.2682958215117894,0.10944542520124922,10.278683631478852,0.003480657522748282,0.021941601581507958,0.01370661553649053,176.87502883720154,0.017603032287729737
exponential,Exponential-Utility PG,592,1.0998261126796047,0.0742009608916796,0.1475529721787599,0.5599521415237627,0.12311643815474138,10.93979790060391,0.009125041759143835,0.023803488165354,0.01452954760248596,211.6725654761705,0.016845409829432497
dynamic,DRCPT-PG,7,1.2245922196045564,0.16463709232955526,0.1757432932488857,0.9560377058527912,0.13172196873556596,9.924973240803663,0.022629000013945664,0.022376368011623002,0.014269219144342623,235.9555574180769,0.013396959588278837
symmetric,Symmetric CPT-PG,7,1.1333431192636438,0.09873450606028533,0.14521849594521638,0.7216988878490378,0.10933401339744442,11.315842886947106,0.011783754917404866,0.024820147686593262,0.014603049252308877,233.8298948750466,0.01129967358866223
static,Static CPT-PG,7,1.15641153657792,0.11551549748521595,0.1666481013303905,0.7401258230449099,0.1409649752551957,14.796426345357371,0.010570899548795221,0.033444015253743326,0.014391075798885287,209.628097330935,0.018360817582367864
expected,Expected-Wealth PG,7,1.04253545511948,0.031831131969993764,0.1391522212143328,0.2957493196512344,0.12699049038850918,9.077213414779926,0.004685959575459794,0.019383723636846678,0.01405146432129766,210.93219587640348,0.01101494043389609
exponential,Exponential-Utility PG,7,1.058890311471247,0.043984059480031146,0.14748605772834458,0.3666616164306688,0.13115781089762912,10.85344674192468,0.005425954802336246,0.023270069143668064,0.014051350819824573,198.27577156000015,0.01560901770500708
dynamic,DRCPT-PG,101,1.1386820475739978,0.10262574727537777,0.1968927474492179,0.5952222464841919,0.1468224772048352,13.25064512832131,0.010466060046962189,0.030194222291566132,0.013970451769212555,138.98148106820392,0.047804155954522566
symmetric,Symmetric CPT-PG,101,1.2271780551919251,0.16648654083515524,0.18100079205133887,0.9419927503332227,0.11417110562424759,14.452717582005663,0.015718708533734367,0.03349375313511003,0.015046962100810047,213.7101641251094,0.01756352732370942
static,Static CPT-PG,101,1.1833076771276414,0.1349766142428137,0.15494444556997217,0.8953103294091971,0.10551937593990524,11.737634816218474,0.015617088109979027,0.026547183107422115,0.014934516634702914,234.1987038623042,0.012687043072851283
expected,Expected-Wealth PG,101,1.17498050708521,0.12896318852830801,0.22820317653555616,0.6463545584265846,0.1668026482953645,15.580940670196881,0.011230419959169185,0.03311660767668293,0.014268550797423288,123.98530039073984,0.04804023164143373
exponential,Exponential-Utility PG,101,1.1319586641647517,0.0977247145617699,0.1490288459154601,0.7010587920293057,0.12045921547033311,9.711599369266446,0.013587737626652014,0.02143899037535691,0.014573457982674353,241.14567346300166,0.01089053060992438
dynamic,DRCPT-PG,2024,1.2264258907003303,0.16594867532647273,0.15752565265361906,1.0542595811207471,0.11247182042715143,12.937569622139016,0.01750142393922781,0.02836530207009408,0.014727922504495602,222.05087371443503,0.016131941208001467
symmetric,Symmetric CPT-PG,2024,1.0624333106633423,0.04661063491461204,0.13659847301699468,0.40241034275512017,0.11751393731976711,9.16170266856593,0.006814596906484737,0.019793206138755064,0.01439319043950758,212.53101584420006,0.014393633735165123
static,Static CPT-PG,2024,1.3183557196582127,0.23109958667248454,0.20807184354065558,1.1044754171968234,0.1562456557497467,15.362780871285393,0.020722532093994266,0.035267388805981834,0.013872692854383618,160.7258014690587,0.0350684551341688
expected,Expected-Wealth PG,2024,1.0781866023277376,0.058263076496054333,0.13713721150161945,0.4821808649919833,0.10944385911806997,10.506472652991315,0.00744175565959113,0.02289490200140349,0.014000072098155762,215.1787113787897,0.01386934940830627
exponential,Exponential-Utility PG,2024,1.2608927187906251,0.1905126143720861,0.1979961300517354,0.9808261941605356,0.1576164326861158,11.762714793874082,0.022179634834510804,0.0267087845240395,0.014564826968761926,218.9726274696796,0.0168028659973975
dynamic,DRCPT-PG,2025,1.1307412931564824,0.0968365377204865,0.14640803855640983,0.7050625618315719,0.10560289890489027,8.602336102197473,0.015198347472506273,0.018944153779234585,0.014061081104810812,165.12900986030732,0.03574191164041446
symmetric,Symmetric CPT-PG,2025,1.1779937857771152,0.13114042853223506,0.15014406230178615,0.8967678142148249,0.11642801958113547,9.466418865539781,0.01880265265094689,0.02126237767769327,0.014172213652341135,241.93618643210502,0.010795338539643354
static,Static CPT-PG,2025,1.5413136423484721,0.38464651947205764,0.34558297213819583,1.1150015462362561,0.3390585135162233,28.203487155023062,0.019193145846578896,0.06842402482883302,0.013023169215825236,84.34267811089093,0.1482611491765531
expected,Expected-Wealth PG,2025,1.5289234305831696,0.3762651288081762,0.26750408816926485,1.3284169038528886,0.27162953938221335,19.88614771187718,0.026597581303656182,0.04743653605569094,0.013226683650683937,115.16779369211585,0.08118499641751797
exponential,Exponential-Utility PG,2025,1.309748322636819,0.22504840460485953,0.22882773785199242,1.0021510915096274,0.18659040493069745,19.83222055466358,0.015618438781631093,0.04425261968715931,0.013453257137987402,97.10652421985812,0.05806598159780546
equal_weight,Equal Weight,29,1.2270635208136633,0.16640464368876273,0.15566122894233508,1.0676133384179962,0.11593419092936919,1.0000000000000004,0.2270635208136632,0.0019841052807956982,0.011940298507462688,299.98759190646825,0.003293825073713863
equal_weight,Equal Weight,147,1.2270635208136633,0.16640464368876273,0.15566122894233508,1.0676133384179962,0.11593419092936919,1.0000000000000004,0.2270635208136632,0.0019841052807956982,0.011940298507462688,299.98759190646825,0.003293825073713863
equal_weight,Equal Weight,3141,1.2270635208136633,0.16640464368876273,0.15566122894233508,1.0676133384179962,0.11593419092936919,1.0000000000000004,0.2270635208136632,0.0019841052807956982,0.011940298507462688,299.98759190646825,0.003293825073713863
equal_weight,Equal Weight,42,1.2270635208136633,0.16640464368876273,0.15566122894233508,1.0676133384179962,0.11593419092936919,1.0000000000000004,0.2270635208136632,0.0019841052807956982,0.011940298507462688,299.98759190646825,0.003293825073713863
equal_weight,Equal Weight,3407,1.2270635208136633,0.16640464368876273,0.15566122894233508,1.0676133384179962,0.11593419092936919,1.0000000000000004,0.2270635208136632,0.0019841052807956982,0.011940298507462688,299.98759190646825,0.003293825073713863
equal_weight,Equal Weight,592,1.2270635208136633,0.16640464368876273,0.15566122894233508,1.0676133384179962,0.11593419092936919,1.0000000000000004,0.2270635208136632,0.0019841052807956982,0.011940298507462688,299.98759190646825,0.003293825073713863
equal_weight,Equal Weight,7,1.2270635208136633,0.16640464368876273,0.15566122894233508,1.0676133384179962,0.11593419092936919,1.0000000000000004,0.2270635208136632,0.0019841052807956982,0.011940298507462688,299.98759190646825,0.003293825073713863
equal_weight,Equal Weight,101,1.2270635208136633,0.16640464368876273,0.15566122894233508,1.0676133384179962,0.11593419092936919,1.0000000000000004,0.2270635208136632,0.0019841052807956982,0.011940298507462688,299.98759190646825,0.003293825073713863
equal_weight,Equal Weight,2024,1.2270635208136633,0.16640464368876273,0.15566122894233508,1.0676133384179962,0.11593419092936919,1.0000000000000004,0.2270635208136632,0.0019841052807956982,0.011940298507462688,299.98759190646825,0.003293825073713863
equal_weight,Equal Weight,2025,1.2270635208136633,0.16640464368876273,0.15566122894233508,1.0676133384179962,0.11593419092936919,1.0000000000000004,0.2270635208136632,0.0019841052807956982,0.011940298507462688,299.98759190646825,0.003293825073713863
