reference,bootstrap,gain_reduction_rate,loss_reduction_rate,disposition_gap,gain_opportunities,loss_opportunities
static,0,0.7237953905327236,0.506035569968857,0.21775982056386656,33019,38853
symmetric,0,0.7274602783594039,0.5060158391714895,0.22144443918791434,32476,39396
asymmetric,0,0.730575968846178,0.507044716462653,0.223531252383525,31842,40030
static,1,0.7309116503963032,0.5058297110713372,0.225081939324966,32677,39110
symmetric,1,0.7343662671551885,0.5056971779389101,0.22866908921627838,32206,39581
asymmetric,1,0.7375229299765956,0.5065597849087605,0.2309631450678351,31618,40169
static,2,0.7199583346485275,0.4983541121277313,0.22160422252079626,31681,38581
symmetric,2,0.7226410856941191,0.4991174890645384,0.2235235966295807,31169,39093
asymmetric,2,0.7257848485838424,0.4998360697082041,0.2259487788756383,30611,39651
static,3,0.7195012825866491,0.49657881085887906,0.22292247172777008,33526,40483
symmetric,3,0.7230522137034455,0.4965861984881736,0.22646601521527193,32999,41010
asymmetric,3,0.7262493814943097,0.4977083483310537,0.22854103316325602,32336,41673
static,4,0.7144384709062287,0.5019905449116696,0.21244792599455908,33667,40190
symmetric,4,0.7182243696210177,0.5017917628000589,0.21643260682095877,33115,40742
asymmetric,4,0.722038813982907,0.5024851614148531,0.21955365256805393,32411,41446
static,5,0.7199270208423526,0.4975813600101304,0.22234566083222218,32338,39485
symmetric,5,0.723237843950245,0.4977367644484457,0.22550107950179932,31836,39987
asymmetric,5,0.7265650028833216,0.4986333078874141,0.22793169499590749,31214,40609
static,6,0.7218955270566155,0.5051895013396457,0.21670602571696984,31970,38443
symmetric,6,0.7254795742782487,0.5055724936588866,0.21990708061936215,31382,39031
asymmetric,6,0.7285908913974309,0.5062271062271062,0.22236378517032473,30828,39585
static,7,0.7084860703812317,0.4879916816717811,0.2204943887094506,32736,39431
symmetric,7,0.7117380227428074,0.48840699332182785,0.22333102942097954,32186,39981
asymmetric,7,0.7153263864694518,0.48898852047100555,0.22633786599844624,31573,40594
static,8,0.7158398048905719,0.5048546359710647,0.21098516891950714,31162,36357
symmetric,8,0.7194465293868094,0.5048269877427053,0.21461954164410413,30643,36876
asymmetric,8,0.7233179233046196,0.5050197586243725,0.2182981646802471,30067,37452
static,9,0.7247289774392031,0.4898851698021012,0.2348438076371019,34130,40930
symmetric,9,0.7281429293379708,0.48989642934743244,0.23824649999053832,33639,41421
asymmetric,9,0.7316451857467778,0.4909112510395628,0.24073393470721505,32975,42085
static,10,0.7143631436314363,0.4880143571337008,0.2263487864977355,33210,39005
symmetric,10,0.7178369752025534,0.48873356715702354,0.22910340804552987,32584,39631
asymmetric,10,0.7215316697454522,0.4894726387923329,0.23205903095311936,31939,40276
static,11,0.7230832452741576,0.49812578092461474,0.22495746434954283,34068,40817
symmetric,11,0.7260543831895652,0.49879174520322844,0.22726263798633672,33503,41382
asymmetric,11,0.7295748895322262,0.4997623009270264,0.22981258860519976,32815,42070
static,12,0.7061326733868534,0.5025762677277829,0.20355640565907052,33134,39204
symmetric,12,0.7095874455955373,0.5023418614020951,0.2072455841934422,32626,39712
asymmetric,12,0.7135480236597502,0.5026618794106723,0.21088614424907792,31953,40385
static,13,0.7174702875792844,0.4977688875211571,0.21970140005812733,32478,38994
symmetric,13,0.7210805746408495,0.49738923248504513,0.22369134215580438,32020,39452
asymmetric,13,0.7241566226643709,0.49865370231862377,0.2255029203457471,31362,40110
static,14,0.7179540709812109,0.4937327651040361,0.22422130587717481,33530,39890
symmetric,14,0.7224935537691491,0.4931652453343221,0.22932830843482704,32965,40455
asymmetric,14,0.7262545634552318,0.4937953185069833,0.23245924494824843,32322,41098
static,15,0.7237768660829098,0.5211502341207904,0.20262663196211939,32662,37801
symmetric,15,0.7270121210232761,0.5214490487359916,0.20556307228728443,32093,38370
asymmetric,15,0.7302974450235159,0.5220925759712783,0.20820486905223756,31468,38995
static,16,0.7256478446409796,0.49829865710797683,0.22734918753300282,32338,38499
symmetric,16,0.7289740202553942,0.49875777988371794,0.2302162403716762,31794,39043
asymmetric,16,0.7310997114459763,0.5005927308497491,0.2305069805962272,31190,39647
static,17,0.7181744918365519,0.5046183168800704,0.2135561749564815,33503,40924
symmetric,17,0.7213718389580354,0.5053890198720108,0.21598281908602457,32861,41566
asymmetric,17,0.7242075196373684,0.5065611824340329,0.21764633720333548,32209,42218
static,18,0.720106261390665,0.4969609187078085,0.22314534268285652,32373,38663
symmetric,18,0.7246790747308621,0.4961582641991066,0.22852081053175555,31861,39175
asymmetric,18,0.7285315895759208,0.4969502246542333,0.23158136492168752,31197,39839
static,19,0.7210155562078074,0.5044179119421291,0.2165976442656783,34070,39951
symmetric,19,0.7246874160723344,0.5043692915329548,0.2203181245393796,33511,40510
asymmetric,19,0.7275518268587756,0.5053619628918123,0.22218986396696327,32898,41123
static,20,0.7106426479526994,0.5041221444362565,0.2065205035164429,36194,43424
symmetric,20,0.7153204750273731,0.5030341598672697,0.21228631516010332,35619,43999
asymmetric,20,0.7187974665405669,0.5037674678591392,0.2150299986814277,34893,44725
static,21,0.7105970952124798,0.4983308042488619,0.21226629096361793,33462,39540
symmetric,21,0.7147687808444526,0.4982825567502987,0.2164862240941539,32826,40176
asymmetric,21,0.7188452684626392,0.49867828470726455,0.22016698375537463,32146,40856
static,22,0.7241558441558441,0.4945314884525384,0.2296243557033057,32725,39316
symmetric,22,0.727871910461682,0.49475875213160797,0.233113158330074,32165,39876
asymmetric,22,0.7305706048221018,0.4961213498690647,0.2344492549530371,31563,40478
static,23,0.7241155769586961,0.49302504816955683,0.23109052878913927,32394,38925
symmetric,23,0.7282615529707639,0.4931028373282037,0.2351587156425602,31810,39509
asymmetric,23,0.7318089984927685,0.4940203308750249,0.2377886676177436,31183,40136
static,24,0.7165607080528547,0.5006397367940048,0.2159209712588499,32088,38297
symmetric,24,0.7205635054097789,0.5005660183184111,0.2199974870913678,31517,38868
asymmetric,24,0.724701465971975,0.5007598014385574,0.22394166453341768,30901,39484
static,25,0.7340207466302254,0.4960946622726211,0.23792608435760432,32198,38537
symmetric,25,0.7383735624921016,0.4958933551672082,0.2424802073248934,31652,39083
asymmetric,25,0.7420195649375724,0.4965581582995033,0.2454614066380691,31076,39659
static,26,0.7257819617370179,0.51213364305837,0.21364831867864797,32930,40466
symmetric,26,0.7294034090909091,0.5121184043694529,0.21728500472145618,32384,41012
asymmetric,26,0.7317587117876463,0.513389423076923,0.21836928871072325,31796,41600
static,27,0.7276441216522923,0.48916305435145047,0.23848106730084184,33045,38987
symmetric,27,0.7329984901241796,0.4883397761439147,0.2446587139802649,32453,39579
asymmetric,27,0.7372611966134769,0.48910802553466304,0.24815317107881385,31773,40259
static,28,0.726364103028656,0.4977177010566666,0.22864640197198938,33117,39653
symmetric,28,0.7308330261702912,0.4972895011687472,0.23354352500154402,32556,40214
asymmetric,28,0.7343857670863873,0.4981147781803937,0.23627098890599357,31926,40844
static,29,0.7223632927837487,0.4972220182588051,0.2251412745249436,33868,40857
symmetric,29,0.7274768033522897,0.495582718141111,0.2318940852111787,33410,41315
asymmetric,29,0.7312543905195321,0.49633193597560976,0.23492245454392235,32741,41984
static,30,0.7170149253731344,0.49142159914340494,0.22559332622972944,33500,40159
symmetric,30,0.7204203109815355,0.4918366845891336,0.22858362639240187,32928,40731
asymmetric,30,0.7237531384643997,0.49292236339919804,0.23083077506520167,32261,41398
static,31,0.7126044588381575,0.49013628133041076,0.22246817750774672,34583,41972
symmetric,31,0.7153891336270191,0.4906952123279614,0.22469392129905763,34050,42505
asymmetric,31,0.7197349086874382,0.4909970375856323,0.22873787110180588,33347,43208
static,32,0.7128800341192957,0.4986875328116797,0.21419250130761597,32826,40001
symmetric,32,0.7168853676652637,0.4982105393064297,0.21867482835883395,32312,40515
asymmetric,32,0.7202689054412321,0.4989427120044722,0.2213261934367599,31684,41143
static,33,0.7279444626523255,0.4806675520585361,0.24727691059378937,33563,39907
symmetric,33,0.7325323867601105,0.48060924732775434,0.2519231394323561,32961,40509
asymmetric,33,0.7358613217768147,0.48201141746629417,0.25384990431052057,32305,41165
static,34,0.7213548069830342,0.4906194508068044,0.2307353561762298,32536,38857
symmetric,34,0.724925769651508,0.49088786232803694,0.23403790732347107,31995,39398
asymmetric,34,0.7280819295558959,0.49222202801568077,0.23585990154021513,31344,40049
static,35,0.7216633954857704,0.5010158988164779,0.2206474966692925,32608,39374
symmetric,35,0.7248236248985453,0.5016521477921297,0.2231714771064156,32034,39948
asymmetric,35,0.7278311795785856,0.5027117641258259,0.2251194154527597,31418,40564
static,36,0.7133869604682462,0.509119579500657,0.20426738096758923,31949,38050
symmetric,36,0.7163420291697118,0.5092400332225914,0.20710199594712042,31471,38528
asymmetric,36,0.7203576519372813,0.5092637550790933,0.21109389685818802,30868,39131
static,37,0.7252359936251073,0.511570604821297,0.21366538880381025,32628,39367
symmetric,37,0.7287154592979835,0.5114026944981058,0.2173127647998777,32136,39859
asymmetric,37,0.7326330487766177,0.5117083292164806,0.22092471956013715,31511,40484
static,38,0.725310205115219,0.5102483978602829,0.21506180725493618,31592,37762
symmetric,38,0.7288784505501577,0.5102163461538461,0.2186621043963115,31082,38272
asymmetric,38,0.7332171740416858,0.5105557838504212,0.22266139019126463,30418,38936
static,39,0.7232429810199503,0.4926222754849824,0.23062070553496794,32982,40053
symmetric,39,0.7271829682196853,0.49272615384615387,0.23445681437353144,32410,40625
asymmetric,39,0.7301527318532515,0.49416182170542633,0.23599091014782514,31755,41280
static,40,0.71157219768919,0.48296160970287483,0.22861058798631517,33062,39411
symmetric,40,0.7151479690820066,0.483425,0.23172296908200662,32473,40000
asymmetric,40,0.7188618805351422,0.4841131156013881,0.23474876493375413,31842,40631
static,41,0.7179332225411693,0.49165714853255205,0.22627607400861727,33095,40274
symmetric,41,0.7218874884721795,0.4916378951492446,0.23024959332293493,32530,40839
asymmetric,41,0.7252854096098357,0.49261178739303363,0.23267362221680205,31884,41485
static,42,0.7216171770765459,0.4947111472742067,0.22690602980233926,32229,39328
symmetric,42,0.7260995772070423,0.494192609688182,0.2319069675188603,31694,39863
asymmetric,42,0.7298297557364914,0.49488686888647365,0.2349428868500178,31073,40484
static,43,0.7127812350406894,0.49237940218999704,0.22040183285069231,33424,40548
symmetric,43,0.7160925481134657,0.4925878143180546,0.22350473379541108,32891,41081
asymmetric,43,0.7189913464222574,0.4938295272099878,0.22516181921226958,32241,41731
static,44,0.720131179107621,0.49928687856560716,0.22084430054201387,33237,39264
symmetric,44,0.7236524660253474,0.49911962974142265,0.22453283628392473,32745,39756
asymmetric,44,0.7276756453072818,0.49985171271810586,0.22782393258917594,32039,40462
static,45,0.7206923922334839,0.4829003828464246,0.2377920093870593,32756,38919
symmetric,45,0.7248772605804487,0.4829463449218849,0.24193091565856378,32182,39493
asymmetric,45,0.728130143056083,0.4839192594625614,0.2442108835935216,31596,40079
static,46,0.7285026165556613,0.5066538518408991,0.22184876471476223,33632,40578
symmetric,46,0.7320332577475435,0.5068190105749362,0.2252142471726073,33075,41135
asymmetric,46,0.7351399679368603,0.5078517738306123,0.227288194106248,32436,41774
static,47,0.7174042593231502,0.5017542940930038,0.21564996523014646,31883,38192
symmetric,47,0.7202117144405829,0.5023765240752222,0.2178351903653607,31363,38712
asymmetric,47,0.7232409936272597,0.5033698720720262,0.21987112155523347,30756,39319
static,48,0.7354158364243892,0.5001848519951692,0.23523098442922008,32621,40573
symmetric,48,0.7396462601980445,0.4997809152872444,0.23986534491080008,32114,41080
asymmetric,48,0.7424849062599301,0.5013421531972007,0.24114275306272948,31470,41724
static,49,0.7223289777094543,0.49988252799749394,0.22244644971196031,31224,38307
symmetric,49,0.7269734697868457,0.49931787175989084,0.2276555980269549,30682,38849
asymmetric,49,0.7304530173418101,0.5003545380875203,0.23009847925428983,30043,39488
static,50,0.732907599648921,0.5093726187452375,0.2235349809036835,33041,39370
symmetric,50,0.7367075349639579,0.5095246439209993,0.22718289104295863,32462,39949
asymmetric,50,0.7404066752569219,0.5102236893969255,0.23018298585999641,31819,40592
static,51,0.7350314561914991,0.5001655333995467,0.2348659227919524,32585,39267
symmetric,51,0.7373359518688238,0.5012948482638976,0.23604110360492625,32079,39773
asymmetric,51,0.7413968577062527,0.5018559762435041,0.23954088146274866,31442,40410
static,52,0.727776524792989,0.49276338840525025,0.2350131363877388,31037,37103
symmetric,52,0.729967320261438,0.49371337240277036,0.2362539478586676,30600,37540
asymmetric,52,0.7331154320781776,0.49505988416280106,0.2380555479153766,29983,38157
static,53,0.7282848672175614,0.49022688058509956,0.2380579866324618,31706,38831
symmetric,53,0.7319650542814929,0.4907748141004492,0.24119024018104374,31134,39403
asymmetric,53,0.735622401885372,0.49149702395838546,0.24412537792698652,30551,39986
static,54,0.7151990788437065,0.49965632239505103,0.21554275644865545,33002,39281
symmetric,54,0.7179550278384448,0.5000754261577915,0.21787960168065323,32509,39774
asymmetric,54,0.7202893558387875,0.5013382899628253,0.21895106587596225,31933,40350
static,55,0.7200050398462847,0.5053965512862839,0.2146084885600008,31747,39377
symmetric,55,0.7232137125248764,0.5060795596697523,0.21713415285512416,31154,39970
asymmetric,55,0.7263712527817777,0.50690199171761,0.21946926106416775,30556,40568
static,56,0.7151243093922652,0.4872438087105038,0.2278805006817614,31856,37472
symmetric,56,0.7186981493299298,0.48739075497525536,0.23130739435467446,31340,37988
asymmetric,56,0.7216511612777308,0.48862281656559375,0.23302834471213701,30742,38586
static,57,0.7302379009098878,0.5076639334047803,0.2225739675051075,33081,40123
symmetric,57,0.734069041837017,0.5076094706562093,0.22645957118080773,32531,40673
asymmetric,57,0.7374976528760092,0.5081212121212121,0.22937644075479713,31954,41250
static,58,0.7197971381996016,0.4939618328197992,0.22583530537980234,33126,40244
symmetric,58,0.7240806788832862,0.49387944964011166,0.23020122924317454,32524,40846
asymmetric,58,0.7272271173685366,0.4949733600135008,0.23225375735503584,31891,41479
static,59,0.7226475522342535,0.5052500760880593,0.2173974761461942,32785,39428
symmetric,59,0.726677628517358,0.5050025012506253,0.22167512726673266,32233,39980
asymmetric,59,0.7300842892451993,0.506038617636207,0.22404567160899225,31558,40655
static,60,0.727119371856214,0.49256009156810376,0.23455928028811024,32604,39315
symmetric,60,0.7319967522328399,0.492067072712234,0.2399296795206059,32022,39897
asymmetric,60,0.7365231259968102,0.49254356774877367,0.24397955824803658,31350,40569
static,61,0.7139768097774992,0.502294787929943,0.21168202184755625,31910,37912
symmetric,61,0.7162050302451448,0.5032281578673331,0.2129768723778117,31410,38412
asymmetric,61,0.7195870263952469,0.5038825247943415,0.21570450160090537,30801,39021
static,62,0.7211866297039798,0.5171194385811014,0.2040671911228784,31383,36479
symmetric,62,0.7248104710684896,0.516947778138177,0.20786269293031256,30866,36996
asymmetric,62,0.7274227620808027,0.5179949954746313,0.20942776660617135,30296,37566
static,63,0.7203927002564934,0.5099883075851431,0.21040439267135025,33919,40197
symmetric,63,0.7240821219841151,0.5098279796814802,0.21425414230263495,33365,40751
asymmetric,63,0.7272088476109007,0.510632128358786,0.21657671925211464,32732,41384
static,64,0.7200554956065978,0.4985264854789552,0.2215290101276426,32435,39701
symmetric,64,0.7249045024735424,0.4974128066072939,0.2274916958662485,31938,40198
asymmetric,64,0.7288411770344101,0.4979552856478194,0.2308858913865907,31299,40837
static,65,0.7265505359877489,0.5001715628051838,0.22637897318256506,31344,37887
symmetric,65,0.7292572169964321,0.501028619046379,0.22822859795005312,30830,38401
asymmetric,65,0.7321162813771207,0.5022824024208853,0.22983387895623542,30237,38994
static,66,0.7232167114438374,0.49033673519696297,0.2328799762468744,33127,40566
symmetric,66,0.7271333987248652,0.49007767415812414,0.237055724566741,32624,41069
asymmetric,66,0.7316362953221868,0.4905280804694049,0.2411082148527819,31938,41755
static,67,0.7163928304705004,0.4974319804040351,0.21896085006646532,32136,37967
symmetric,67,0.7203325535815894,0.4970495723829577,0.2232829811986317,31634,38469
asymmetric,67,0.7235297910755739,0.4980428275385678,0.2254869635370061,31016,39087
static,68,0.7196005069096615,0.5198129273314186,0.1997875795782429,33142,39343
symmetric,68,0.7231245403285119,0.5194841040825032,0.2036404362460087,32632,39853
asymmetric,68,0.7268444860396194,0.5194410091516201,0.20740347688799932,32055,40430
static,69,0.7195213840079568,0.49209192813635666,0.22742945587160018,33179,39074
symmetric,69,0.7233403792543578,0.49202221661196666,0.23131816264239113,32643,39610
asymmetric,69,0.7266960407487266,0.49304382390937096,0.23365221683935566,32001,40252
static,70,0.7258722969955986,0.5060705958028463,0.21980170119275233,31354,37311
symmetric,70,0.7287196110210697,0.5066772444797039,0.2220423665413659,30850,37815
asymmetric,70,0.7328570010915947,0.5069990112920851,0.22585798979950955,30231,38434
static,71,0.7144140098787607,0.5160836459942617,0.19833036388449898,31178,36248
symmetric,71,0.717391304347826,0.5165262299537918,0.20086507439403423,30636,36790
asymmetric,71,0.7209039171963924,0.5168677599721769,0.20403615722421542,30047,37379
static,72,0.7229204614450516,0.492695848978962,0.2302246124660896,32940,38882
symmetric,72,0.726202977330286,0.4932816144407261,0.23292136288955995,32378,39444
asymmetric,72,0.7300091404797175,0.4940516273849607,0.23595751309475682,31727,40095
static,73,0.7164846690110432,0.5112123076923077,0.2052723613187355,32418,40625
symmetric,73,0.719724483406387,0.5110819161618373,0.20864256724454966,31940,41103
asymmetric,73,0.7222666368200569,0.5125203485588432,0.20974628826121366,31271,41772
static,74,0.7228623030454008,0.5068300947741833,0.2160322082712175,32114,37774
symmetric,74,0.7264518581883851,0.5069797782126549,0.21947207997573015,31563,38325
asymmetric,74,0.7299333807645042,0.5078273366524663,0.22210604411203794,30922,38966
static,75,0.7207093096896771,0.48704056975709015,0.2336687399325869,33159,39315
symmetric,75,0.724164366758663,0.4874322697170379,0.23673209704162512,32610,39864
asymmetric,75,0.7278707009960533,0.4885074479629082,0.23936325303314515,31926,40548
static,76,0.7180326874677825,0.5061225555468526,0.2119101319209299,32979,38301
symmetric,76,0.7217131043845846,0.506161405675182,0.2155516987094026,32409,38871
asymmetric,76,0.725453172205438,0.5066069258809235,0.21884624632451455,31776,39504
static,77,0.7256224066390041,0.4942296744811882,0.23139273215781592,32776,38646
symmetric,77,0.730120257294677,0.4940495909890166,0.23607066630566043,32181,39241
asymmetric,77,0.7334389857369256,0.49515951043338685,0.2382794753035387,31550,39872
static,78,0.7235639584183914,0.5027206301497642,0.22084332826862718,31841,38594
symmetric,78,0.727327844789074,0.5025449522981303,0.22478289249094363,31338,39097
asymmetric,78,0.7304994479444048,0.5031659140788578,0.227333533865547,30794,39641
static,79,0.7100925517849273,0.49619173352290036,0.2139008182620269,34035,39388
symmetric,79,0.7141873690511823,0.4961137630270162,0.2180736060241661,33410,40013
asymmetric,79,0.717340899383733,0.4969614958789519,0.22037940350478114,32778,40645
static,80,0.733713379873792,0.49057124921531703,0.243142130658475,32803,39825
symmetric,80,0.7379859862342655,0.4904641601030366,0.24752182613122886,32254,40374
asymmetric,80,0.7416345119868429,0.4914898805169471,0.25014463146989585,31618,41010
static,81,0.7060753377673059,0.4932406917906503,0.21283464597665563,33529,39723
symmetric,81,0.7090296945615578,0.49378149591639153,0.2152481986451663,32969,40283
asymmetric,81,0.7125564980496564,0.4945054945054945,0.21805100354416185,32302,40950
static,82,0.7205021979064545,0.49066253390158854,0.229839664004866,31621,38715
symmetric,82,0.7245035666088298,0.49041158769827103,0.23409197891055872,31122,39214
asymmetric,82,0.7280532162401284,0.4912478967327155,0.2368053195074129,30517,39819
static,83,0.7313313249150696,0.4893342992835869,0.24199702563148268,31202,37269
symmetric,83,0.7352403940243982,0.4896464178986063,0.24559397612579192,30658,37813
asymmetric,83,0.7391217498418617,0.49058125617942444,0.2485404936624373,30037,38434
static,84,0.7162937728263205,0.5034995513395718,0.21279422148674865,32583,39005
symmetric,84,0.7202889034799738,0.5034970332028784,0.21679187027709534,31983,39605
asymmetric,84,0.7233682462638906,0.5046930870083433,0.21867515925554737,31316,40272
static,85,0.7247969124466992,0.5026850932783589,0.22211181916834033,32129,39291
symmetric,85,0.7283872398390725,0.5029734273454947,0.22541381249357784,31567,39853
asymmetric,85,0.732702370954196,0.5030646038258119,0.22963776712838413,30958,40462
static,86,0.7252894431381887,0.4989439157120493,0.22634552742613934,33599,40243
symmetric,86,0.7292660827544548,0.4984287538053619,0.23083732894909292,33110,40732
asymmetric,86,0.7323370821136959,0.4996738106168604,0.23266327149683547,32455,41387
static,87,0.7196241790318657,0.4898610638687564,0.22976311516310932,32888,38219
symmetric,87,0.7229012345679012,0.4900147260185496,0.2328865085493516,32400,38707
asymmetric,87,0.7257302946361118,0.49147156765550726,0.23425872698060457,31768,39339
static,88,0.726139511458071,0.49377550224809624,0.23236400920997474,31768,38477
symmetric,88,0.7296526531658549,0.4943002792222763,0.2353523739435786,31208,39037
asymmetric,88,0.7329736799084519,0.4954362077660111,0.23753747214244075,30585,39660
static,89,0.7193904989542874,0.5056322267810518,0.21375827217323562,33470,40215
symmetric,89,0.722920080101948,0.5054632062268274,0.21745687387512058,32958,40727
asymmetric,89,0.726631174941191,0.5059815839717717,0.22064959096941927,32308,41377
static,90,0.7228507126781696,0.5015923566878981,0.22125835599027144,33325,40192
symmetric,90,0.7266338721011947,0.5017897420810042,0.22484413002019044,32729,40788
asymmetric,90,0.7297389789378714,0.5025619954560835,0.22717698348178794,32143,41374
static,91,0.7288072598878805,0.49348039092530716,0.23532686896257338,32287,39803
symmetric,91,0.7328446024604348,0.49323938769940706,0.23960521476102775,31783,40307
asymmetric,91,0.7361695296195216,0.494443766027598,0.24172576359192366,31145,40945
static,92,0.7185092332151156,0.4963116583099257,0.22219757490518993,32708,38093
symmetric,92,0.721022833322964,0.4974518173586858,0.2235710159642782,32146,38655
asymmetric,92,0.725,0.4975918044902016,0.2274081955097984,31560,39241
static,93,0.712324541107512,0.49862886117866195,0.21369567992885002,32415,38654
symmetric,93,0.7156090055578234,0.49905665187904746,0.2165523536787759,31847,39222
asymmetric,93,0.7191425275570367,0.4997616718095381,0.21938085574749855,31208,39861
static,94,0.7163603220416224,0.5003614395621417,0.21599888247948063,32915,38734
symmetric,94,0.7196480938416422,0.5005095022163346,0.21913859162530758,32395,39254
asymmetric,94,0.7230769230769231,0.5011288380493678,0.22194808502755525,31785,39864
static,95,0.7240487849387147,0.49708875367184224,0.22696003126687248,32879,38128
symmetric,95,0.7268398268398268,0.49791812139550523,0.2289217054443216,32340,38667
asymmetric,95,0.7300735503014615,0.49916090317331163,0.23091264712814985,31679,39328
static,96,0.7212888515540622,0.49989969406690404,0.22138915748715815,33332,39878
symmetric,96,0.7250931525258079,0.5000494217653455,0.22504373076046236,32742,40468
asymmetric,96,0.727337860569435,0.5018001362265252,0.22553772434290975,32102,41108
static,97,0.7303893455680877,0.5104024377429862,0.21998690782510144,31386,38068
symmetric,97,0.733195382973908,0.5107592472420506,0.2224361357318574,30929,38525
asymmetric,97,0.7367639292315817,0.5115940548546912,0.2251698743768905,30296,39158
static,98,0.7116106030072857,0.5034283933302166,0.20818220967706913,32255,38502
symmetric,98,0.7156788487028972,0.5031609121855084,0.21251793651738882,31686,39071
asymmetric,98,0.7181701030927835,0.504670544099504,0.21349955899327955,31040,39717
static,99,0.717881408276714,0.49204847146649844,0.22583293681021555,32380,38043
symmetric,99,0.7211843385977582,0.4924301342873438,0.22875420431041443,31849,38574
asymmetric,99,0.724770348558077,0.49310872894333846,0.23166161961473852,31243,39180
static,100,0.7252350414046448,0.491280350340753,0.23395469106389177,32122,38591
symmetric,100,0.7291950238992118,0.49125811563825983,0.23793690826095193,31591,39122
asymmetric,100,0.7327046056456301,0.4922895021508893,0.24041510349474082,30962,39751
static,101,0.7177605566977701,0.4979305286320532,0.21983002806571683,31615,38174
symmetric,101,0.7214317903817679,0.49810190326162745,0.2233298871201404,31066,38723
asymmetric,101,0.7251314060446781,0.4987928536938677,0.22633855235081035,30440,39349
static,102,0.7248252316696472,0.5128232875229953,0.21200194414665186,30755,36964
symmetric,102,0.7283786919481553,0.5132882403067746,0.21509045164138074,30167,37552
asymmetric,102,0.7321090367965368,0.5137742129957275,0.21833482380080937,29568,38151
static,103,0.7187059155459419,0.506368510527004,0.21233740501893783,31899,38235
symmetric,103,0.722386917854069,0.506281763537394,0.2161051543166751,31371,38763
asymmetric,103,0.7257697804339353,0.5068367813754893,0.218932999058446,30788,39346
static,104,0.708684522694637,0.49163024866467325,0.21705427402996375,32034,39129
symmetric,104,0.7117686275754785,0.49210871319080274,0.2196599143846758,31499,39664
asymmetric,104,0.7150255713083447,0.4929101790459162,0.22211539226242843,30894,40269
static,105,0.7257502179056158,0.49719200607133823,0.22855821183427755,32124,39530
symmetric,105,0.7302271071553007,0.49681910036673904,0.23340800678856166,31571,40083
asymmetric,105,0.7341751659381577,0.4977556476734774,0.23641951826468027,30885,40769
static,106,0.7252852023539468,0.4951629465492082,0.23012225580473855,30417,37006
symmetric,106,0.7292342688923829,0.495230482280842,0.23400378661154086,29893,37530
asymmetric,106,0.7329858982219497,0.4956259030605543,0.2373599951613954,29358,38065
static,107,0.7233493061173688,0.5083713071527316,0.2149779989646372,32138,39062
symmetric,107,0.7272842278376925,0.5080467901265758,0.2192374377111167,31619,39581
asymmetric,107,0.7304420672767109,0.5087889652425057,0.22165310203420518,31036,40164
static,108,0.7280863627975641,0.4932761158653726,0.2348102469321915,32514,40081
symmetric,108,0.7315207891122487,0.4933307034197096,0.23819008569253913,32036,40559
asymmetric,108,0.7349731122919783,0.4942188107267781,0.24075430156520017,31427,41168
static,109,0.7097798812057301,0.49059338043112594,0.21918650077460416,31483,38643
symmetric,109,0.713077444555638,0.49081713453728065,0.2222603100183574,30977,39149
asymmetric,109,0.7161917311810245,0.49191622036157,0.22427551081945452,30355,39771
static,110,0.7219271961313674,0.48313424067365124,0.23879295545771612,33707,40852
symmetric,110,0.7258560405112129,0.48304859483362733,0.24280744567758555,33176,41383
asymmetric,110,0.7292236740968486,0.48420326402436126,0.24502041007248737,32525,42034
static,111,0.7181893969802698,0.49773399014778325,0.2204554068324866,32387,40600
symmetric,111,0.7225549528080023,0.49700700798131203,0.22554794482669027,31891,41096
asymmetric,111,0.7258585923246808,0.4980356458413185,0.22782294648336227,31243,41744
static,112,0.7230464886251237,0.4945953920017166,0.22845109662340707,31341,37283
symmetric,112,0.7257661748013621,0.49543517954960437,0.2303309952517577,30835,37789
asymmetric,112,0.7293471790462333,0.49619652998489033,0.23315064906134292,30238,38386
static,113,0.7295381583547884,0.5021880698098463,0.2273500885449421,31461,38390
symmetric,113,0.7327087707963172,0.5026223776223776,0.23008639317393964,30955,38896
asymmetric,113,0.7362387587706295,0.5033929204436117,0.23284583832701777,30357,39494
static,114,0.7179967689822294,0.4950969998939892,0.22289976908824022,30950,37732
symmetric,114,0.7209600526056222,0.4958580500169859,0.22510200258863633,30415,38267
asymmetric,114,0.7246930972026565,0.49647524956262223,0.22821784764003428,29814,38868
static,115,0.7223110574747322,0.5048460373548713,0.2174650201198609,33145,39620
symmetric,115,0.7255118303297781,0.5050452201210853,0.22046661020869274,32628,40137
asymmetric,115,0.7284443750975191,0.5058939096267191,0.22255046547080004,32045,40720
static,116,0.7202180535513869,0.5052770448548812,0.21494100869650568,31185,38658
symmetric,116,0.724488466049785,0.5046358969119563,0.2198525691378287,30692,39151
asymmetric,116,0.727309023156774,0.5060195541257194,0.22128946903105462,30056,39787
static,117,0.7253559257253878,0.5066950220541903,0.2186609036711975,31397,38088
symmetric,117,0.7286523216308041,0.5068429237947123,0.22180939783609177,30905,38580
asymmetric,117,0.7329243758451238,0.5068430190991727,0.2260813567459511,30321,39164
static,118,0.7238196447548201,0.4958877123861118,0.2279319323687083,32935,40610
symmetric,118,0.7278662273273181,0.4952522399688352,0.23261398735848288,32473,41072
asymmetric,118,0.7308877153275494,0.49663335969137135,0.23425435563617802,31812,41733
static,119,0.7129401490814958,0.5061150722915428,0.206825076789953,32063,40392
symmetric,119,0.7166619142667047,0.5057713000097819,0.2108906142569228,31563,40892
asymmetric,119,0.7204290652967594,0.5060717039321512,0.21435736136460826,30951,41504
static,120,0.7191398991239714,0.4879908596408435,0.23114903948312787,33903,40261
symmetric,120,0.7234603402827702,0.4873957822461991,0.23606455803657106,33384,40780
asymmetric,120,0.726024052255662,0.48891357905415195,0.23711047320151007,32762,41402
static,121,0.717477401215346,0.5064153253577532,0.21106207585759273,33077,39203
symmetric,121,0.7213820238534366,0.5061135151454161,0.2152685087080205,32532,39748
asymmetric,121,0.724759992470352,0.5069544127109835,0.21780557975936854,31874,40406
static,122,0.7276253177758947,0.49553774823787955,0.23208756953801513,30682,37313
symmetric,122,0.7321635875153405,0.4951910373619405,0.23697255015340002,30149,37846
asymmetric,122,0.7359103679382595,0.4960470196608759,0.2398633482773836,29543,38452
static,123,0.7180474669672491,0.49972722313147844,0.21832024383577064,31938,38493
symmetric,123,0.7222876795210649,0.49930818899251816,0.2229794905285467,31403,39028
asymmetric,123,0.7251520968214205,0.5008313599032599,0.22432073691816057,30737,39694
static,124,0.7162246074691742,0.5044624501148869,0.21176215735428727,33819,41345
symmetric,124,0.7196983354365724,0.5044171720548207,0.21528116338175163,33282,41882
asymmetric,124,0.7225454768175414,0.5054104916490237,0.2171349851685177,32654,42510
static,125,0.7118347015957938,0.4870831376232973,0.22475156397249646,32523,38322
symmetric,125,0.7145533456146377,0.48771188623834305,0.22684145937629463,32027,38818
asymmetric,125,0.7179380917466288,0.48880332353835243,0.22913476820827638,31369,39476
static,126,0.7138951880960517,0.5184677440615855,0.1954274440344662,32191,37931
symmetric,126,0.716594452702489,0.5191543516089655,0.1974401010935235,31619,38503
asymmetric,126,0.7197678168332796,0.5197126201677235,0.20005519666555616,31010,39112
static,127,0.7280289774994628,0.4980316947612799,0.22999728273818293,32577,39628
symmetric,127,0.7328728591073884,0.4975005595762143,0.2353722995311741,31996,40209
asymmetric,127,0.7356926510441575,0.49897159647404504,0.23672105457011244,31365,40840
static,128,0.7270392564510212,0.5037899366188074,0.22324931983221374,32708,38655
symmetric,128,0.7304247776603022,0.5041448794796582,0.22627989818064398,32158,39205
asymmetric,128,0.7344464195022854,0.504678993451918,0.22976742605036737,31504,39859
static,129,0.7244466096276223,0.5089423770745284,0.21550423255309392,32843,38804
symmetric,129,0.7277862263741038,0.5096129457718257,0.21817328060227814,32221,39426
asymmetric,129,0.7307716635041113,0.5105303919854098,0.22024127151870143,31620,40027
static,130,0.7210916783362632,0.48868438820675686,0.23240729012950634,33563,39989
symmetric,130,0.7246113283025729,0.4890642337566268,0.23554709454594613,32997,40555
asymmetric,130,0.7282144845073907,0.49000339690396466,0.23821108760342602,32338,41214
static,131,0.704868154158215,0.5014247766240039,0.20344337753421116,34510,41410
symmetric,131,0.7073945526207424,0.5018605982539001,0.2055339543668423,33998,41922
asymmetric,131,0.7108524108134058,0.5023831325866968,0.20846927822670902,33329,42591
static,132,0.7197032916087158,0.49887892376681614,0.22082436784189968,32355,38356
symmetric,132,0.7238262616118504,0.4982881560995701,0.22553810551228026,31864,38847
asymmetric,132,0.7279234744647386,0.4991152232165428,0.22880825124819582,31153,39558
static,133,0.7192163900104681,0.49114140133978224,0.22807498867068587,33435,38663
symmetric,133,0.7235562310030396,0.4906117659064238,0.23294446509661576,32900,39198
asymmetric,133,0.7276648564778898,0.49123467007749605,0.23643018640039376,32225,39873
static,134,0.719006007646095,0.49826225112953676,0.22074375651655825,32958,40282
symmetric,134,0.7233281972265023,0.4975729345427801,0.2257552626837222,32450,40790
asymmetric,134,0.7268097947380002,0.49837062785140124,0.228439166886599,31813,41427
static,135,0.7122757864603952,0.5088863776453667,0.20338940881502854,32837,38936
symmetric,135,0.7166656344831858,0.5080929101547659,0.2085727243284199,32294,39479
asymmetric,135,0.719484864745431,0.5090541753965878,0.21043068934884324,31681,40092
static,136,0.7194266923124651,0.4902768067531526,0.22914988555931254,32234,38619
symmetric,136,0.7227370146243066,0.49055591054313097,0.23218110408117565,31728,39125
asymmetric,136,0.7258525923306869,0.4917216043480449,0.23413098798264198,31111,39742
static,137,0.7322798545098879,0.512193900545846,0.22008595396404185,32717,39938
symmetric,137,0.7345479417982838,0.5133980390704107,0.22114990272787305,32164,40491
asymmetric,137,0.7371374227294342,0.5147409389442958,0.22239648378513832,31545,41110
static,138,0.7247438225066929,0.5023032245143201,0.2224405979923728,32497,39944
symmetric,138,0.7294382443965113,0.5013843567685158,0.2280538876279955,31989,40452
asymmetric,138,0.7327976532108922,0.5023004454830936,0.23049720772779858,31362,41079
static,139,0.724348980888042,0.48862654765332564,0.23572243323471637,34638,41676
symmetric,139,0.7270568924583053,0.48934758395146577,0.23770930850683952,34117,42197
asymmetric,139,0.731348196917552,0.4898948693442738,0.24145332757327825,33415,42899
static,140,0.7321579049718027,0.4887698499021101,0.24338805506969258,30854,36776
symmetric,140,0.7354074074074074,0.48924976513219703,0.24615764227521036,30375,37255
asymmetric,140,0.7385985548647286,0.49077227722772276,0.24782627763700582,29755,37875
static,141,0.7181073140559765,0.4904682967260671,0.22763901732990938,32335,38608
symmetric,141,0.7207812598128494,0.49113742742409905,0.2296438323887503,31846,39097
asymmetric,141,0.7242472773862908,0.4920323238426101,0.2322149535436807,31220,39723
static,142,0.723226279154964,0.4947970863683663,0.22842919278659768,32756,38440
symmetric,142,0.7281438616140875,0.4943411686382957,0.23380269297579181,32142,39054
asymmetric,142,0.7310171806027501,0.4959075226030675,0.23510965799968264,31489,39707
static,143,0.7202563639646146,0.5058063238170698,0.21445004014754476,33234,40387
symmetric,143,0.7229361728168411,0.5065585383130999,0.21637763450374115,32682,40939
asymmetric,143,0.7259210772395736,0.5073786080550807,0.21854246918449283,32082,41539
static,144,0.7398478320652672,0.5087682562948228,0.23107957577044436,32727,38206
symmetric,144,0.743000093228503,0.5094183826185684,0.2335817106099346,32179,38754
asymmetric,144,0.7467025998731769,0.5102429365623334,0.23645966331084345,31540,39393
static,145,0.7214513752455796,0.49326882625157764,0.22818254899400192,32576,38032
symmetric,145,0.7246123607774624,0.4937362209830113,0.2308761397944511,32053,38555
asymmetric,145,0.7283868092691622,0.49446315574607064,0.23392365352309158,31416,39192
static,146,0.723277456477703,0.5168157513367648,0.2064617051409382,34063,40022
symmetric,146,0.726048261856409,0.5174749390409104,0.20857332281549867,33484,40601
asymmetric,146,0.7297610692380458,0.5181294476448661,0.21163162159317972,32771,41314
static,147,0.7198670254867817,0.5010431797174172,0.21882384576936453,31585,37865
symmetric,147,0.7232010803163784,0.5010952331281945,0.22210584718818394,31102,38348
asymmetric,147,0.7269061823903494,0.5015920295809367,0.2253141528094127,30506,38944
static,148,0.7304649165848871,0.49418296529968453,0.23628195128520257,32608,39625
symmetric,148,0.7338411316648531,0.4940850554058101,0.239756076259043,32165,40068
asymmetric,148,0.7374425606084614,0.4948866709277742,0.24255588968068714,31555,40678
static,149,0.719099388473655,0.5028524424867992,0.2162469459868558,32378,37687
symmetric,149,0.7225025859637024,0.502699019967507,0.21980356599619544,31903,38162
asymmetric,149,0.7262609140627498,0.503273364606423,0.22298754945632682,31267,38798
static,150,0.7192657720191269,0.5037660492668936,0.21549972275223328,32415,37307
symmetric,150,0.7213854006826793,0.5047235968138877,0.21666180386879164,31933,37789
asymmetric,150,0.7248961329498242,0.5054902164862615,0.21940591646356278,31290,38432
static,151,0.7219155792361931,0.5001823391508206,0.22173324008537254,31343,38390
symmetric,151,0.7258871701546861,0.5002951669618336,0.22559200319285244,30772,38961
asymmetric,151,0.7281389578163772,0.5016958590665181,0.22644309874985902,30225,39508
static,152,0.7259447060243873,0.4983139564145151,0.22763074960987223,33132,39738
symmetric,152,0.7284798675212365,0.4992176051265493,0.22926226239468722,32609,40261
asymmetric,152,0.7323908419867384,0.49973103819257664,0.2326598037941618,31972,40898
static,153,0.7274556429486007,0.48935584051292325,0.2380998024356774,32802,39928
symmetric,153,0.7321627647714605,0.4885998318413374,0.2435629329301231,32292,40438
asymmetric,153,0.7364328834666076,0.48918254605631406,0.24725033741029356,31639,41091
static,154,0.7166497268453818,0.5046453480721147,0.21200437877326705,31484,37995
symmetric,154,0.7199289405684755,0.5048936888288896,0.21503525173958582,30960,38519
asymmetric,154,0.7231245675880473,0.5057506517405306,0.21737391584751675,30353,39126
static,155,0.723054895509657,0.5014668794070719,0.22158801610258505,32826,38858
symmetric,155,0.7259467996160158,0.5020943870427255,0.22385241257329036,32293,39391
asymmetric,155,0.7294685990338164,0.502786594356834,0.2266820046769824,31671,40013
static,156,0.7322661452923566,0.505143032598127,0.22712311269422958,32734,39082
symmetric,156,0.736730823046547,0.5048039339301476,0.23192688911639947,32161,39655
asymmetric,156,0.7403355215171408,0.5055978948936276,0.23473762662351316,31533,40283
static,157,0.7278470302893564,0.5027413071706824,0.22510572311867394,35458,41586
symmetric,157,0.7324630612537656,0.502145108914646,0.23031795233911956,34855,42189
asymmetric,157,0.7365097924583455,0.5023812858943829,0.23412850656396256,34210,42834
static,158,0.7134324719648951,0.48584298584298585,0.22758948612190927,32816,38850
symmetric,158,0.7168196477300918,0.48635141306002333,0.23046823467006844,32248,39418
asymmetric,158,0.7197894536576085,0.4881008746791597,0.2316885789784488,31537,40129
static,159,0.7168408679353179,0.4934430987625003,0.22339776917281756,31477,37899
symmetric,159,0.7201304572461896,0.49375130181212246,0.22637915543406717,30968,38408
asymmetric,159,0.7229435802794622,0.49518343922935026,0.2277601410501119,30344,39032
static,160,0.7120438925105455,0.5049174740737135,0.207126418436832,33901,41078
symmetric,160,0.7155309270630523,0.5046881761792567,0.21084275088379567,33385,41594
asymmetric,160,0.7182517866959868,0.5057887634064919,0.21246302328949485,32742,42237
static,161,0.7192554909068755,0.5011258955987717,0.21812959530810372,32827,39080
symmetric,161,0.7228882160291664,0.500695480640348,0.22219273538881845,32366,39541
asymmetric,161,0.7256076416254217,0.502115164485144,0.22349247714027765,31721,40186
static,162,0.7122188449848025,0.4923402007395668,0.21987864424523568,32900,39753
symmetric,162,0.715962441314554,0.49219157335451996,0.22377086796003404,32376,40277
asymmetric,162,0.7196988786695225,0.49272705048282606,0.22697182818669648,31748,40905
static,163,0.7300128760388622,0.5072827724761426,0.2227301035627196,34172,39820
symmetric,163,0.7334623399821375,0.5076233849809415,0.225838955001196,33590,40402
asymmetric,163,0.737176177605005,0.5082917326190186,0.22888444498598637,32927,41065
static,164,0.7158651685393258,0.5101363987731591,0.20572876976616672,33375,40103
symmetric,164,0.7190112796813718,0.5100401606425703,0.2089711190388015,32891,40587
asymmetric,164,0.7219241385727134,0.5110464411301079,0.21087769744260554,32243,41235
static,165,0.7254936634246979,0.4956763208535308,0.2298173425711671,33930,41053
symmetric,165,0.7289873759333113,0.4960849305855791,0.2329024453477322,33349,41634
asymmetric,165,0.7324395309064256,0.49674471460025094,0.23569481630617461,32744,42239
static,166,0.723478524814084,0.4938474580625273,0.22963106675155676,32945,38927
symmetric,166,0.7274212944405044,0.49359803250424683,0.23382326193625758,32431,39441
asymmetric,166,0.730512529908072,0.49503839632990926,0.23547413357816277,31764,40108
static,167,0.7140613200422897,0.49225584219264984,0.2218054778496399,33105,40353
symmetric,167,0.7181300938028602,0.49222089246024964,0.22590920134261055,32515,40943
asymmetric,167,0.7212364411561853,0.49319056785370546,0.22804587330247988,31898,41560
static,168,0.7136376435253261,0.4978313626271493,0.21580628089817683,31963,38734
symmetric,168,0.7170141095716284,0.49784598128935226,0.2191681282822761,31468,39229
asymmetric,168,0.7198354069466044,0.49898325509000074,0.22085215185660367,30864,39833
static,169,0.7225252587863386,0.5111273830382593,0.21139787574807922,32266,38239
symmetric,169,0.7261218705715635,0.5109677419354839,0.21515412863607963,31755,38750
asymmetric,169,0.7299164524421594,0.5114383648597182,0.21847808758244125,31120,39385
static,170,0.7271465522679957,0.4872031594604298,0.23994339280756594,31702,38994
symmetric,170,0.7312809306510701,0.4874930516953863,0.24378787895568382,31118,39578
asymmetric,170,0.7347413991013741,0.4886705633627658,0.24607083573860833,30491,40205
static,171,0.7222936172816841,0.5083459404942007,0.2139476767874834,32682,39660
symmetric,171,0.7260307998012916,0.5078736233617381,0.21815717643955346,32208,40134
asymmetric,171,0.7288473717542748,0.5090525489426426,0.2197948228116322,31580,40762
static,172,0.7262015305305626,0.5074932056425521,0.2187083248880105,31231,38635
symmetric,172,0.7298944212721585,0.5076318341926591,0.22226258707949942,30688,39178
asymmetric,172,0.7342545841084241,0.5075951913887632,0.22665939271966096,30104,39762
static,173,0.7252740447141884,0.5044019429265331,0.22087210178765537,32294,39528
symmetric,173,0.7291515933184435,0.504109109984263,0.22504248333418053,31789,40033
asymmetric,173,0.7325274866585225,0.5053050397877984,0.22722244687072413,31106,40716
static,174,0.7268574250702226,0.4998833017815928,0.22697412328862976,32397,38561
symmetric,174,0.7303695331386769,0.5001917815224896,0.23017775161618736,31851,39107
asymmetric,174,0.7343414602889822,0.5007673921247956,0.23357406816418658,31213,39745
static,175,0.7172633859305014,0.5003976957747837,0.21686569015571777,34159,41489
symmetric,175,0.7209343900840236,0.5005465000237609,0.22038789006026271,33562,42086
asymmetric,175,0.7246253457762106,0.5011344763865173,0.22349086938969331,32897,42751
static,176,0.723718832226538,0.4932813405701639,0.23043749165637412,31924,37954
symmetric,176,0.7256113092205807,0.49482713802963346,0.23078417119094724,31408,38470
asymmetric,176,0.7288025469430186,0.4960098219766728,0.2327927249663458,30782,39096
static,177,0.7345573261790089,0.5074529430965075,0.22710438308250147,30937,36764
symmetric,177,0.7386401107960167,0.5078528428093646,0.23078726798665206,30326,37375
asymmetric,177,0.7428754079607012,0.5082148499210111,0.2346605580396901,29721,37980
static,178,0.7182582173334632,0.4965489458842487,0.22170927144921448,30819,37235
symmetric,178,0.7217988056352899,0.4967015498741555,0.22509725576113437,30309,37745
asymmetric,178,0.7259244278154178,0.4972777242295569,0.22864670358586087,29667,38387
static,179,0.7220969023034154,0.49009420346899685,0.23200269883441854,31475,38109
symmetric,179,0.723592458677686,0.4918928719436386,0.23169958673404734,30976,38608
asymmetric,179,0.7263434675431388,0.4930156541280421,0.23332781341509673,30425,39159
static,180,0.7152119857731893,0.5020149234329095,0.2131970623402798,31771,38463
symmetric,180,0.7185460130551645,0.5021804935611308,0.2163655194940337,31252,38982
asymmetric,180,0.7220279148824894,0.5030902348578492,0.2189376800246402,30593,39641
static,181,0.7157930991295636,0.4901637197118533,0.22562937941771027,31938,38175
symmetric,181,0.7180115136287014,0.4912598262308647,0.2267516873978367,31441,38672
asymmetric,181,0.7213348452940224,0.4919741133306156,0.22936073196340678,30865,39248
static,182,0.7268693210975941,0.49957533972821744,0.22729398136937662,33127,40032
symmetric,182,0.7311403105761279,0.49881510738089363,0.2323252031952343,32649,40510
asymmetric,182,0.7344272542584779,0.49995141385676806,0.23447584040170982,31995,41164
static,183,0.7236092860271572,0.5064160981256619,0.21719318790149533,34245,40601
symmetric,183,0.7280138045935975,0.5061599650773634,0.22185383951623416,33612,41234
asymmetric,183,0.731313437357976,0.506775650677565,0.22453778668041102,33005,41841
static,184,0.7238441715931484,0.5094329816537602,0.21441118993938824,32985,38482
symmetric,184,0.7271632016310896,0.5100521792510743,0.21711102238001534,32371,39096
asymmetric,184,0.731037090725743,0.5104444556299391,0.22059263509580385,31733,39734
static,185,0.715343540726318,0.49137060836595514,0.22397293236036286,33897,40617
symmetric,185,0.7193951032165147,0.49118632545039576,0.22820877776611892,33328,41186
asymmetric,185,0.7229369601176254,0.4921419700009554,0.23079499011667004,32646,41868
static,186,0.7095637633991222,0.5059424024820477,0.2036213609170745,33491,39967
symmetric,186,0.7128742877924596,0.5057337748999061,0.20714051289255353,32996,40462
asymmetric,186,0.7169787958520353,0.5059898427818142,0.21098895307022103,32305,41153
static,187,0.7138535995160314,0.49879859372233604,0.2150550057936954,33060,39537
symmetric,187,0.7174333917212132,0.49867685240663073,0.2187565393145825,32541,40056
asymmetric,187,0.7206278588884015,0.4995206371838049,0.22110722170459662,31918,40679
static,188,0.711893529944703,0.4938914323086985,0.21800209763600453,32009,38225
symmetric,188,0.7157864669290339,0.49354438878272994,0.22224207814630398,31508,38726
asymmetric,188,0.7186840995360607,0.4951409504960544,0.22354314904000633,30823,39411
static,189,0.7154611614436358,0.5008594018563081,0.21460175958732775,33665,40726
symmetric,189,0.7189358939517468,0.5009206764549111,0.21801521749683572,33117,41274
asymmetric,189,0.7215439028140858,0.5020298022733786,0.2195141005407072,32515,41876
static,190,0.7227890092007261,0.5019972668979291,0.22079174230279697,31954,38052
symmetric,190,0.7250756249004936,0.5032771171731303,0.22179850772736331,31405,38601
asymmetric,190,0.7284407241580689,0.5039301755818701,0.2245105485761988,30822,39184
static,191,0.7191601866251944,0.5062096876185658,0.21295049900662866,32150,39535
symmetric,191,0.7221923015998732,0.5069292123629112,0.21526308923696202,31565,40120
asymmetric,191,0.7251888680829083,0.5077743116111125,0.21741455647179575,30974,40711
static,192,0.7092718227046585,0.5138982207291278,0.19537360197553066,33165,40185
symmetric,192,0.7122469604630509,0.5139690886306116,0.19827787183243928,32653,40697
asymmetric,192,0.7152625991382002,0.514640402671571,0.20062219646662927,32026,41324
static,193,0.7187461922748873,0.49390027841052897,0.22484591386435837,32828,39510
symmetric,193,0.723261286926364,0.4932574168414744,0.23000387008488965,32294,40044
asymmetric,193,0.7269566316854217,0.49410348385828706,0.23285314782713462,31636,40702
static,194,0.7108117773274526,0.4996948893974066,0.21111688793004602,33556,39330
symmetric,194,0.7141427921782628,0.4999624069572191,0.2141803852210437,32985,39901
asymmetric,194,0.7170166769610871,0.5008640695205648,0.21615260744052223,32380,40506
static,195,0.7210820042084718,0.5023538000654533,0.21872820414301852,32791,39723
symmetric,195,0.7239494362828836,0.5032864548453506,0.22066298143753293,32197,40317
asymmetric,195,0.7276411181815303,0.5037261465536199,0.2239149716279104,31587,40927
static,196,0.7227272727272728,0.4935520478695966,0.22917522485767616,33220,38772
symmetric,196,0.7273978889398807,0.49278754420332255,0.23461034473655812,32685,39307
asymmetric,196,0.7312351692269264,0.49356921229106193,0.2376659569358645,32028,39964
static,197,0.7207563492553914,0.49731931126920303,0.2234370379861884,32366,38796
symmetric,197,0.7241314258764345,0.49777676144015043,0.2263546644362841,31805,39357
asymmetric,197,0.727913835107065,0.49827353250262724,0.22964030260443774,31196,39966
static,198,0.7203394807940796,0.4862215874110375,0.23411789338304212,34052,40607
symmetric,198,0.7236539552662227,0.48673856018653455,0.23691539507968812,33487,41172
asymmetric,198,0.7267378048780487,0.48821042069805776,0.23852738417999098,32800,41859
static,199,0.7106886724499702,0.488634656786662,0.22205401566330824,31931,39946
symmetric,199,0.7138581072474844,0.48906678526425024,0.2247913219832342,31404,40473
asymmetric,199,0.7174520636984075,0.48984357895248987,0.22760848474591766,30770,41107
